2026-07-03 14:39:28,031 [INFO] __main__: SQLite 数据库已初始化
2026-07-03 14:39:28,053 [INFO] core.mssql: 已加载 2 个 SQL Server 实例
2026-07-03 14:39:28,175 [INFO] services.inspection: 注册采集器: disk
2026-07-03 14:39:28,176 [INFO] services.inspection: 注册采集器: memory
2026-07-03 14:39:28,176 [INFO] services.inspection: 注册采集器: jobs
2026-07-03 14:39:28,176 [INFO] services.inspection: 注册采集器: backups
2026-07-03 14:39:28,176 [INFO] services.inspection: 注册采集器: db_integrity
2026-07-03 14:39:28,176 [INFO] services.inspection: 注册采集器: blocking
2026-07-03 14:39:28,176 [INFO] services.inspection: 注册采集器: slow_query
2026-07-03 14:39:28,176 [INFO] services.inspection: 注册采集器: index_frag
2026-07-03 14:39:28,176 [INFO] services.inspection: 注册采集器: error_log
2026-07-03 14:39:28,176 [INFO] services.inspection: 注册采集器: wait_stats
2026-07-03 14:39:28,176 [INFO] services.inspection: 注册采集器: deadlock
2026-07-03 14:39:28,176 [INFO] __main__: 所有采集器已注册
2026-07-03 14:39:28,182 [INFO] apscheduler.scheduler: Adding job tentatively -- it will be properly scheduled when the scheduler starts
2026-07-03 14:39:28,183 [INFO] apscheduler.scheduler: Adding job tentatively -- it will be properly scheduled when the scheduler starts
2026-07-03 14:39:28,183 [INFO] apscheduler.scheduler: Adding job tentatively -- it will be properly scheduled when the scheduler starts
2026-07-03 14:39:28,183 [INFO] apscheduler.scheduler: Adding job tentatively -- it will be properly scheduled when the scheduler starts
2026-07-03 14:39:28,183 [INFO] apscheduler.scheduler: Adding job tentatively -- it will be properly scheduled when the scheduler starts
2026-07-03 14:39:28,183 [INFO] apscheduler.scheduler: Adding job tentatively -- it will be properly scheduled when the scheduler starts
2026-07-03 14:39:28,183 [INFO] apscheduler.scheduler: Adding job tentatively -- it will be properly scheduled when the scheduler starts
2026-07-03 14:39:28,183 [INFO] services.scheduler: 所有定时任务已注册
2026-07-03 14:39:28,184 [INFO] apscheduler.scheduler: Added job "磁盘/内存巡检" to job store "default"
2026-07-03 14:39:28,185 [INFO] apscheduler.scheduler: Added job "作业/备份/完整性巡检" to job store "default"
2026-07-03 14:39:28,185 [INFO] apscheduler.scheduler: Added job "阻塞检查" to job store "default"
2026-07-03 14:39:28,185 [INFO] apscheduler.scheduler: Added job "性能快照" to job store "default"
2026-07-03 14:39:28,185 [INFO] apscheduler.scheduler: Added job "索引碎片检查" to job store "default"
2026-07-03 14:39:28,185 [INFO] apscheduler.scheduler: Added job "错误日志扫描" to job store "default"
2026-07-03 14:39:28,185 [INFO] apscheduler.scheduler: Added job "死锁检测" to job store "default"
2026-07-03 14:39:28,185 [INFO] apscheduler.scheduler: Scheduler started
2026-07-03 14:39:28,186 [INFO] services.scheduler: 定时任务调度器已启动
2026-07-03 14:39:28,189 [INFO] __main__: DBA 自动运维平台启动中...
2026-07-03 14:39:28,218 [INFO] werkzeug: [31m[1mWARNING: This is a development server. Do not use it in a production deployment. Use a production WSGI server instead.[0m
 * Running on all addresses (0.0.0.0)
 * Running on http://127.0.0.1:5000
 * Running on http://10.20.23.146:5000
2026-07-03 14:39:28,218 [INFO] werkzeug: [33mPress CTRL+C to quit[0m
2026-07-03 14:39:28,219 [INFO] werkzeug:  * Restarting with stat
2026-07-03 14:39:28,693 [INFO] __main__: SQLite 数据库已初始化
2026-07-03 14:39:28,708 [INFO] core.mssql: 已加载 2 个 SQL Server 实例
2026-07-03 14:39:28,791 [INFO] services.inspection: 注册采集器: disk
2026-07-03 14:39:28,791 [INFO] services.inspection: 注册采集器: memory
2026-07-03 14:39:28,791 [INFO] services.inspection: 注册采集器: jobs
2026-07-03 14:39:28,791 [INFO] services.inspection: 注册采集器: backups
2026-07-03 14:39:28,791 [INFO] services.inspection: 注册采集器: db_integrity
2026-07-03 14:39:28,791 [INFO] services.inspection: 注册采集器: blocking
2026-07-03 14:39:28,791 [INFO] services.inspection: 注册采集器: slow_query
2026-07-03 14:39:28,791 [INFO] services.inspection: 注册采集器: index_frag
2026-07-03 14:39:28,791 [INFO] services.inspection: 注册采集器: error_log
2026-07-03 14:39:28,791 [INFO] services.inspection: 注册采集器: wait_stats
2026-07-03 14:39:28,791 [INFO] services.inspection: 注册采集器: deadlock
2026-07-03 14:39:28,791 [INFO] __main__: 所有采集器已注册
2026-07-03 14:39:28,797 [INFO] apscheduler.scheduler: Adding job tentatively -- it will be properly scheduled when the scheduler starts
2026-07-03 14:39:28,797 [INFO] apscheduler.scheduler: Adding job tentatively -- it will be properly scheduled when the scheduler starts
2026-07-03 14:39:28,797 [INFO] apscheduler.scheduler: Adding job tentatively -- it will be properly scheduled when the scheduler starts
2026-07-03 14:39:28,797 [INFO] apscheduler.scheduler: Adding job tentatively -- it will be properly scheduled when the scheduler starts
2026-07-03 14:39:28,798 [INFO] apscheduler.scheduler: Adding job tentatively -- it will be properly scheduled when the scheduler starts
2026-07-03 14:39:28,798 [INFO] apscheduler.scheduler: Adding job tentatively -- it will be properly scheduled when the scheduler starts
2026-07-03 14:39:28,798 [INFO] apscheduler.scheduler: Adding job tentatively -- it will be properly scheduled when the scheduler starts
2026-07-03 14:39:28,798 [INFO] services.scheduler: 所有定时任务已注册
2026-07-03 14:39:28,798 [INFO] apscheduler.scheduler: Added job "磁盘/内存巡检" to job store "default"
2026-07-03 14:39:28,799 [INFO] apscheduler.scheduler: Added job "作业/备份/完整性巡检" to job store "default"
2026-07-03 14:39:28,799 [INFO] apscheduler.scheduler: Added job "阻塞检查" to job store "default"
2026-07-03 14:39:28,799 [INFO] apscheduler.scheduler: Added job "性能快照" to job store "default"
2026-07-03 14:39:28,799 [INFO] apscheduler.scheduler: Added job "索引碎片检查" to job store "default"
2026-07-03 14:39:28,799 [INFO] apscheduler.scheduler: Added job "错误日志扫描" to job store "default"
2026-07-03 14:39:28,799 [INFO] apscheduler.scheduler: Added job "死锁检测" to job store "default"
2026-07-03 14:39:28,799 [INFO] apscheduler.scheduler: Scheduler started
2026-07-03 14:39:28,800 [INFO] services.scheduler: 定时任务调度器已启动
2026-07-03 14:39:28,803 [INFO] __main__: DBA 自动运维平台启动中...
2026-07-03 14:39:28,809 [WARNING] werkzeug:  * Debugger is active!
2026-07-03 14:39:28,814 [INFO] werkzeug:  * Debugger PIN: 197-836-894
2026-07-03 14:39:41,879 [INFO] werkzeug: 127.0.0.1 - - [03/Jul/2026 14:39:41] "GET /api/instances HTTP/1.1" 200 -
2026-07-03 14:44:12,044 [INFO] __main__: SQLite 数据库已初始化
2026-07-03 14:44:12,071 [INFO] core.mssql: 已加载 2 个 SQL Server 实例
2026-07-03 14:44:12,278 [INFO] services.inspection: 注册采集器: disk
2026-07-03 14:44:12,278 [INFO] services.inspection: 注册采集器: memory
2026-07-03 14:44:12,278 [INFO] services.inspection: 注册采集器: jobs
2026-07-03 14:44:12,278 [INFO] services.inspection: 注册采集器: backups
2026-07-03 14:44:12,279 [INFO] services.inspection: 注册采集器: db_integrity
2026-07-03 14:44:12,279 [INFO] services.inspection: 注册采集器: blocking
2026-07-03 14:44:12,279 [INFO] services.inspection: 注册采集器: slow_query
2026-07-03 14:44:12,279 [INFO] services.inspection: 注册采集器: index_frag
2026-07-03 14:44:12,279 [INFO] services.inspection: 注册采集器: error_log
2026-07-03 14:44:12,279 [INFO] services.inspection: 注册采集器: wait_stats
2026-07-03 14:44:12,279 [INFO] services.inspection: 注册采集器: deadlock
2026-07-03 14:44:12,279 [INFO] __main__: 所有采集器已注册
2026-07-03 14:44:12,289 [INFO] apscheduler.scheduler: Adding job tentatively -- it will be properly scheduled when the scheduler starts
2026-07-03 14:44:12,289 [INFO] apscheduler.scheduler: Adding job tentatively -- it will be properly scheduled when the scheduler starts
2026-07-03 14:44:12,289 [INFO] apscheduler.scheduler: Adding job tentatively -- it will be properly scheduled when the scheduler starts
2026-07-03 14:44:12,289 [INFO] apscheduler.scheduler: Adding job tentatively -- it will be properly scheduled when the scheduler starts
2026-07-03 14:44:12,289 [INFO] apscheduler.scheduler: Adding job tentatively -- it will be properly scheduled when the scheduler starts
2026-07-03 14:44:12,289 [INFO] apscheduler.scheduler: Adding job tentatively -- it will be properly scheduled when the scheduler starts
2026-07-03 14:44:12,290 [INFO] apscheduler.scheduler: Adding job tentatively -- it will be properly scheduled when the scheduler starts
2026-07-03 14:44:12,290 [INFO] services.scheduler: 所有定时任务已注册
2026-07-03 14:44:12,290 [INFO] apscheduler.scheduler: Added job "磁盘/内存巡检" to job store "default"
2026-07-03 14:44:12,290 [INFO] apscheduler.scheduler: Added job "作业/备份/完整性巡检" to job store "default"
2026-07-03 14:44:12,291 [INFO] apscheduler.scheduler: Added job "阻塞检查" to job store "default"
2026-07-03 14:44:12,291 [INFO] apscheduler.scheduler: Added job "性能快照" to job store "default"
2026-07-03 14:44:12,291 [INFO] apscheduler.scheduler: Added job "索引碎片检查" to job store "default"
2026-07-03 14:44:12,291 [INFO] apscheduler.scheduler: Added job "错误日志扫描" to job store "default"
2026-07-03 14:44:12,291 [INFO] apscheduler.scheduler: Added job "死锁检测" to job store "default"
2026-07-03 14:44:12,291 [INFO] apscheduler.scheduler: Scheduler started
2026-07-03 14:44:12,291 [INFO] services.scheduler: 定时任务调度器已启动
2026-07-03 14:44:12,295 [INFO] __main__: DBA 自动运维平台启动中...
2026-07-03 14:44:12,326 [INFO] werkzeug: [31m[1mWARNING: This is a development server. Do not use it in a production deployment. Use a production WSGI server instead.[0m
 * Running on all addresses (0.0.0.0)
 * Running on http://127.0.0.1:5000
 * Running on http://10.20.23.146:5000
2026-07-03 14:44:12,326 [INFO] werkzeug: [33mPress CTRL+C to quit[0m
2026-07-03 14:44:12,327 [INFO] werkzeug:  * Restarting with stat
2026-07-03 14:44:12,811 [INFO] __main__: SQLite 数据库已初始化
2026-07-03 14:44:12,826 [INFO] core.mssql: 已加载 2 个 SQL Server 实例
2026-07-03 14:44:12,937 [INFO] services.inspection: 注册采集器: disk
2026-07-03 14:44:12,937 [INFO] services.inspection: 注册采集器: memory
2026-07-03 14:44:12,937 [INFO] services.inspection: 注册采集器: jobs
2026-07-03 14:44:12,937 [INFO] services.inspection: 注册采集器: backups
2026-07-03 14:44:12,937 [INFO] services.inspection: 注册采集器: db_integrity
2026-07-03 14:44:12,937 [INFO] services.inspection: 注册采集器: blocking
2026-07-03 14:44:12,937 [INFO] services.inspection: 注册采集器: slow_query
2026-07-03 14:44:12,937 [INFO] services.inspection: 注册采集器: index_frag
2026-07-03 14:44:12,937 [INFO] services.inspection: 注册采集器: error_log
2026-07-03 14:44:12,937 [INFO] services.inspection: 注册采集器: wait_stats
2026-07-03 14:44:12,937 [INFO] services.inspection: 注册采集器: deadlock
2026-07-03 14:44:12,937 [INFO] __main__: 所有采集器已注册
2026-07-03 14:44:12,943 [INFO] apscheduler.scheduler: Adding job tentatively -- it will be properly scheduled when the scheduler starts
2026-07-03 14:44:12,943 [INFO] apscheduler.scheduler: Adding job tentatively -- it will be properly scheduled when the scheduler starts
2026-07-03 14:44:12,943 [INFO] apscheduler.scheduler: Adding job tentatively -- it will be properly scheduled when the scheduler starts
2026-07-03 14:44:12,943 [INFO] apscheduler.scheduler: Adding job tentatively -- it will be properly scheduled when the scheduler starts
2026-07-03 14:44:12,943 [INFO] apscheduler.scheduler: Adding job tentatively -- it will be properly scheduled when the scheduler starts
2026-07-03 14:44:12,943 [INFO] apscheduler.scheduler: Adding job tentatively -- it will be properly scheduled when the scheduler starts
2026-07-03 14:44:12,943 [INFO] apscheduler.scheduler: Adding job tentatively -- it will be properly scheduled when the scheduler starts
2026-07-03 14:44:12,943 [INFO] services.scheduler: 所有定时任务已注册
2026-07-03 14:44:12,944 [INFO] apscheduler.scheduler: Added job "磁盘/内存巡检" to job store "default"
2026-07-03 14:44:12,944 [INFO] apscheduler.scheduler: Added job "作业/备份/完整性巡检" to job store "default"
2026-07-03 14:44:12,944 [INFO] apscheduler.scheduler: Added job "阻塞检查" to job store "default"
2026-07-03 14:44:12,944 [INFO] apscheduler.scheduler: Added job "性能快照" to job store "default"
2026-07-03 14:44:12,944 [INFO] apscheduler.scheduler: Added job "索引碎片检查" to job store "default"
2026-07-03 14:44:12,945 [INFO] apscheduler.scheduler: Added job "错误日志扫描" to job store "default"
2026-07-03 14:44:12,945 [INFO] apscheduler.scheduler: Added job "死锁检测" to job store "default"
2026-07-03 14:44:12,945 [INFO] apscheduler.scheduler: Scheduler started
2026-07-03 14:44:12,945 [INFO] services.scheduler: 定时任务调度器已启动
2026-07-03 14:44:12,949 [INFO] __main__: DBA 自动运维平台启动中...
2026-07-03 14:44:12,954 [WARNING] werkzeug:  * Debugger is active!
2026-07-03 14:44:12,958 [INFO] werkzeug:  * Debugger PIN: 370-064-417
2026-07-03 14:44:28,199 [INFO] apscheduler.executors.default: Running job "阻塞检查 (trigger: interval[0:05:00], next run at: 2026-07-03 14:49:28 CST)" (scheduled at 2026-07-03 14:44:28.183224+08:00)
2026-07-03 14:44:28,200 [INFO] services.inspection: 开始巡检: 成都
2026-07-03 14:44:28,812 [INFO] apscheduler.executors.default: Running job "阻塞检查 (trigger: interval[0:05:00], next run at: 2026-07-03 14:49:28 CST)" (scheduled at 2026-07-03 14:44:28.797742+08:00)
2026-07-03 14:44:28,813 [INFO] services.inspection: 开始巡检: 成都
2026-07-03 14:44:29,113 [ERROR] collectors.base: [blocking] 成都 采集失败: ('42000', "[42000] [Microsoft][ODBC Driver 17 for SQL Server][SQL Server]在 FROM 子句中多次指定了相关名称 'blocked'。 (1011) (SQLExecDirectW)")
2026-07-03 14:44:29,133 [ERROR] apscheduler.executors.default: Job "阻塞检查 (trigger: interval[0:05:00], next run at: 2026-07-03 14:49:28 CST)" raised an exception
Traceback (most recent call last):
  File "D:\工作\数据库管理员DBA\claude_code_DBA\.venv\Lib\site-packages\apscheduler\executors\base.py", line 125, in run_job
    retval = job.func(*job.args, **job.kwargs)
  File "D:\工作\数据库管理员DBA\claude_code_DBA\dba_auto_ops\services\scheduler.py", line 56, in <lambda>
    func=lambda: inspection_service.run_all(categories=["blocking"]),
                 ~~~~~~~~~~~~~~~~~~~~~~~~~~^^^^^^^^^^^^^^^^^^^^^^^^^
  File "D:\工作\数据库管理员DBA\claude_code_DBA\dba_auto_ops\services\inspection.py", line 60, in run_all
    results = self.run_instance(inst.name, categories)
  File "D:\工作\数据库管理员DBA\claude_code_DBA\dba_auto_ops\services\inspection.py", line 46, in run_instance
    result = self.run_single(instance_name, cat)
  File "D:\工作\数据库管理员DBA\claude_code_DBA\dba_auto_ops\services\inspection.py", line 37, in run_single
    self._save_result(result)
    ~~~~~~~~~~~~~~~~~^^^^^^^^
  File "D:\工作\数据库管理员DBA\claude_code_DBA\dba_auto_ops\services\inspection.py", line 96, in _save_result
    db.session.rollback()
    ~~~~~~~~~~~~~~~~~~~^^
  File "D:\工作\数据库管理员DBA\claude_code_DBA\.venv\Lib\site-packages\sqlalchemy\orm\scoping.py", line 1796, in rollback
    return self._proxied.rollback()
           ^^^^^^^^^^^^^
  File "D:\工作\数据库管理员DBA\claude_code_DBA\.venv\Lib\site-packages\sqlalchemy\orm\scoping.py", line 197, in _proxied
    return self.registry()
           ~~~~~~~~~~~~~^^
  File "D:\工作\数据库管理员DBA\claude_code_DBA\.venv\Lib\site-packages\sqlalchemy\util\_collections.py", line 632, in __call__
    key = self.scopefunc()
  File "D:\工作\数据库管理员DBA\claude_code_DBA\.venv\Lib\site-packages\flask_sqlalchemy\session.py", line 111, in _app_ctx_id
    return id(app_ctx._get_current_object())  # type: ignore[attr-defined]
              ~~~~~~~~~~~~~~~~~~~~~~~~~~~^^
  File "D:\工作\数据库管理员DBA\claude_code_DBA\.venv\Lib\site-packages\werkzeug\local.py", line 519, in _get_current_object
    raise RuntimeError(unbound_message) from None
RuntimeError: Working outside of application context.

This typically means that you attempted to use functionality that needed
the current application. To solve this, set up an application context
with app.app_context(). See the documentation for more information.
2026-07-03 14:44:29,625 [ERROR] collectors.base: [blocking] 成都 采集失败: ('42000', "[42000] [Microsoft][ODBC Driver 17 for SQL Server][SQL Server]在 FROM 子句中多次指定了相关名称 'blocked'。 (1011) (SQLExecDirectW)")
2026-07-03 14:44:29,632 [ERROR] apscheduler.executors.default: Job "阻塞检查 (trigger: interval[0:05:00], next run at: 2026-07-03 14:49:28 CST)" raised an exception
Traceback (most recent call last):
  File "D:\工作\数据库管理员DBA\claude_code_DBA\.venv\Lib\site-packages\apscheduler\executors\base.py", line 125, in run_job
    retval = job.func(*job.args, **job.kwargs)
  File "D:\工作\数据库管理员DBA\claude_code_DBA\dba_auto_ops\services\scheduler.py", line 56, in <lambda>
    func=lambda: inspection_service.run_all(categories=["blocking"]),
                 ~~~~~~~~~~~~~~~~~~~~~~~~~~^^^^^^^^^^^^^^^^^^^^^^^^^
  File "D:\工作\数据库管理员DBA\claude_code_DBA\dba_auto_ops\services\inspection.py", line 60, in run_all
    results = self.run_instance(inst.name, categories)
  File "D:\工作\数据库管理员DBA\claude_code_DBA\dba_auto_ops\services\inspection.py", line 46, in run_instance
    result = self.run_single(instance_name, cat)
  File "D:\工作\数据库管理员DBA\claude_code_DBA\dba_auto_ops\services\inspection.py", line 37, in run_single
    self._save_result(result)
    ~~~~~~~~~~~~~~~~~^^^^^^^^
  File "D:\工作\数据库管理员DBA\claude_code_DBA\dba_auto_ops\services\inspection.py", line 96, in _save_result
    db.session.rollback()
    ~~~~~~~~~~~~~~~~~~~^^
  File "D:\工作\数据库管理员DBA\claude_code_DBA\.venv\Lib\site-packages\sqlalchemy\orm\scoping.py", line 1796, in rollback
    return self._proxied.rollback()
           ^^^^^^^^^^^^^
  File "D:\工作\数据库管理员DBA\claude_code_DBA\.venv\Lib\site-packages\sqlalchemy\orm\scoping.py", line 197, in _proxied
    return self.registry()
           ~~~~~~~~~~~~~^^
  File "D:\工作\数据库管理员DBA\claude_code_DBA\.venv\Lib\site-packages\sqlalchemy\util\_collections.py", line 632, in __call__
    key = self.scopefunc()
  File "D:\工作\数据库管理员DBA\claude_code_DBA\.venv\Lib\site-packages\flask_sqlalchemy\session.py", line 111, in _app_ctx_id
    return id(app_ctx._get_current_object())  # type: ignore[attr-defined]
              ~~~~~~~~~~~~~~~~~~~~~~~~~~~^^
  File "D:\工作\数据库管理员DBA\claude_code_DBA\.venv\Lib\site-packages\werkzeug\local.py", line 519, in _get_current_object
    raise RuntimeError(unbound_message) from None
RuntimeError: Working outside of application context.

This typically means that you attempted to use functionality that needed
the current application. To solve this, set up an application context
with app.app_context(). See the documentation for more information.
2026-07-03 14:45:38,029 [INFO] werkzeug: 127.0.0.1 - - [03/Jul/2026 14:45:38] "GET / HTTP/1.1" 200 -
2026-07-03 14:45:45,758 [INFO] werkzeug: 127.0.0.1 - - [03/Jul/2026 14:45:45] "GET /api/instances/%B3ɶ%BC/test HTTP/1.1" 200 -
2026-07-03 14:46:52,480 [INFO] werkzeug: 127.0.0.1 - - [03/Jul/2026 14:46:52] "GET /api/instances/成都/test HTTP/1.1" 200 -
2026-07-03 14:47:00,463 [INFO] werkzeug: 127.0.0.1 - - [03/Jul/2026 14:47:00] "GET /api/instances/天门/test HTTP/1.1" 200 -
2026-07-03 14:47:08,343 [ERROR] collectors.base: [disk] %E6%88%90%E9%83%BD 采集失败: 实例 '%E6%88%90%E9%83%BD' 未配置
2026-07-03 14:47:08,357 [ERROR] collectors.base: [memory] %E6%88%90%E9%83%BD 采集失败: 实例 '%E6%88%90%E9%83%BD' 未配置
2026-07-03 14:47:08,362 [ERROR] collectors.base: [jobs] %E6%88%90%E9%83%BD 采集失败: 实例 '%E6%88%90%E9%83%BD' 未配置
2026-07-03 14:47:08,367 [ERROR] collectors.base: [backups] %E6%88%90%E9%83%BD 采集失败: 实例 '%E6%88%90%E9%83%BD' 未配置
2026-07-03 14:47:08,371 [ERROR] collectors.base: [blocking] %E6%88%90%E9%83%BD 采集失败: 实例 '%E6%88%90%E9%83%BD' 未配置
2026-07-03 14:47:08,387 [INFO] werkzeug: 127.0.0.1 - - [03/Jul/2026 14:47:08] "POST /api/inspection/run HTTP/1.1" 200 -
2026-07-03 14:47:28,193 [INFO] werkzeug: 127.0.0.1 - - [03/Jul/2026 14:47:28] "[31m[1mPOST /api/inspection/run HTTP/1.1[0m" 400 -
2026-07-03 14:47:48,695 [ERROR] collectors.base: [memory] 成都 采集失败: ('42S22', "[42S22] [Microsoft][ODBC Driver 17 for SQL Server][SQL Server]列名 'sqlserver_memory_usage_kb' 无效。 (207) (SQLExecDirectW); [42S22] [Microsoft][ODBC Driver 17 for SQL Server][SQL Server]列名 'sqlserver_memory_usage_kb' 无效。 (207); [42S22] [Microsoft][ODBC Driver 17 for SQL Server][SQL Server]列名 'max_physical_memory_kb_limit_kb' 无效。 (207); [42S22] [Microsoft][ODBC Driver 17 for SQL Server][SQL Server]列名 'max_physical_memory_kb_limit_kb' 无效。 (207); [42S22] [Microsoft][ODBC Driver 17 for SQL Server][SQL Server]列名 'locked_page_allocations_kb' 无效。 (207)")
2026-07-03 14:47:48,947 [ERROR] collectors.base: [blocking] 成都 采集失败: ('42000', "[42000] [Microsoft][ODBC Driver 17 for SQL Server][SQL Server]在 FROM 子句中多次指定了相关名称 'blocked'。 (1011) (SQLExecDirectW)")
2026-07-03 14:47:48,961 [INFO] werkzeug: 127.0.0.1 - - [03/Jul/2026 14:47:48] "POST /api/inspection/run HTTP/1.1" 200 -
2026-07-03 14:49:15,339 [INFO] __main__: SQLite 数据库已初始化
2026-07-03 14:49:15,369 [INFO] core.mssql: 已加载 2 个 SQL Server 实例
2026-07-03 14:49:15,531 [INFO] services.inspection: 注册采集器: disk
2026-07-03 14:49:15,531 [INFO] services.inspection: 注册采集器: memory
2026-07-03 14:49:15,531 [INFO] services.inspection: 注册采集器: jobs
2026-07-03 14:49:15,531 [INFO] services.inspection: 注册采集器: backups
2026-07-03 14:49:15,531 [INFO] services.inspection: 注册采集器: db_integrity
2026-07-03 14:49:15,531 [INFO] services.inspection: 注册采集器: blocking
2026-07-03 14:49:15,531 [INFO] services.inspection: 注册采集器: slow_query
2026-07-03 14:49:15,531 [INFO] services.inspection: 注册采集器: index_frag
2026-07-03 14:49:15,531 [INFO] services.inspection: 注册采集器: error_log
2026-07-03 14:49:15,531 [INFO] services.inspection: 注册采集器: wait_stats
2026-07-03 14:49:15,532 [INFO] services.inspection: 注册采集器: deadlock
2026-07-03 14:49:15,532 [INFO] __main__: 所有采集器已注册
2026-07-03 14:49:15,546 [INFO] apscheduler.scheduler: Adding job tentatively -- it will be properly scheduled when the scheduler starts
2026-07-03 14:49:15,547 [INFO] apscheduler.scheduler: Adding job tentatively -- it will be properly scheduled when the scheduler starts
2026-07-03 14:49:15,547 [INFO] apscheduler.scheduler: Adding job tentatively -- it will be properly scheduled when the scheduler starts
2026-07-03 14:49:15,547 [INFO] apscheduler.scheduler: Adding job tentatively -- it will be properly scheduled when the scheduler starts
2026-07-03 14:49:15,547 [INFO] apscheduler.scheduler: Adding job tentatively -- it will be properly scheduled when the scheduler starts
2026-07-03 14:49:15,548 [INFO] apscheduler.scheduler: Adding job tentatively -- it will be properly scheduled when the scheduler starts
2026-07-03 14:49:15,548 [INFO] apscheduler.scheduler: Adding job tentatively -- it will be properly scheduled when the scheduler starts
2026-07-03 14:49:15,548 [INFO] services.scheduler: 所有定时任务已注册
2026-07-03 14:49:15,549 [INFO] apscheduler.scheduler: Added job "磁盘/内存巡检" to job store "default"
2026-07-03 14:49:15,550 [INFO] apscheduler.scheduler: Added job "作业/备份/完整性巡检" to job store "default"
2026-07-03 14:49:15,550 [INFO] apscheduler.scheduler: Added job "阻塞检查" to job store "default"
2026-07-03 14:49:15,550 [INFO] apscheduler.scheduler: Added job "性能快照" to job store "default"
2026-07-03 14:49:15,550 [INFO] apscheduler.scheduler: Added job "索引碎片检查" to job store "default"
2026-07-03 14:49:15,550 [INFO] apscheduler.scheduler: Added job "错误日志扫描" to job store "default"
2026-07-03 14:49:15,550 [INFO] apscheduler.scheduler: Added job "死锁检测" to job store "default"
2026-07-03 14:49:15,550 [INFO] apscheduler.scheduler: Scheduler started
2026-07-03 14:49:15,551 [INFO] services.scheduler: 定时任务调度器已启动
2026-07-03 14:49:15,556 [INFO] __main__: DBA 自动运维平台启动中...
2026-07-03 14:49:15,600 [INFO] werkzeug: [31m[1mWARNING: This is a development server. Do not use it in a production deployment. Use a production WSGI server instead.[0m
 * Running on all addresses (0.0.0.0)
 * Running on http://127.0.0.1:5000
 * Running on http://10.20.23.146:5000
2026-07-03 14:49:15,600 [INFO] werkzeug: [33mPress CTRL+C to quit[0m
2026-07-03 14:49:15,602 [INFO] werkzeug:  * Restarting with stat
2026-07-03 14:49:16,217 [INFO] __main__: SQLite 数据库已初始化
2026-07-03 14:49:16,242 [INFO] core.mssql: 已加载 2 个 SQL Server 实例
2026-07-03 14:49:16,346 [INFO] services.inspection: 注册采集器: disk
2026-07-03 14:49:16,346 [INFO] services.inspection: 注册采集器: memory
2026-07-03 14:49:16,346 [INFO] services.inspection: 注册采集器: jobs
2026-07-03 14:49:16,346 [INFO] services.inspection: 注册采集器: backups
2026-07-03 14:49:16,346 [INFO] services.inspection: 注册采集器: db_integrity
2026-07-03 14:49:16,346 [INFO] services.inspection: 注册采集器: blocking
2026-07-03 14:49:16,346 [INFO] services.inspection: 注册采集器: slow_query
2026-07-03 14:49:16,346 [INFO] services.inspection: 注册采集器: index_frag
2026-07-03 14:49:16,346 [INFO] services.inspection: 注册采集器: error_log
2026-07-03 14:49:16,346 [INFO] services.inspection: 注册采集器: wait_stats
2026-07-03 14:49:16,346 [INFO] services.inspection: 注册采集器: deadlock
2026-07-03 14:49:16,346 [INFO] __main__: 所有采集器已注册
2026-07-03 14:49:16,353 [INFO] apscheduler.scheduler: Adding job tentatively -- it will be properly scheduled when the scheduler starts
2026-07-03 14:49:16,353 [INFO] apscheduler.scheduler: Adding job tentatively -- it will be properly scheduled when the scheduler starts
2026-07-03 14:49:16,353 [INFO] apscheduler.scheduler: Adding job tentatively -- it will be properly scheduled when the scheduler starts
2026-07-03 14:49:16,353 [INFO] apscheduler.scheduler: Adding job tentatively -- it will be properly scheduled when the scheduler starts
2026-07-03 14:49:16,353 [INFO] apscheduler.scheduler: Adding job tentatively -- it will be properly scheduled when the scheduler starts
2026-07-03 14:49:16,353 [INFO] apscheduler.scheduler: Adding job tentatively -- it will be properly scheduled when the scheduler starts
2026-07-03 14:49:16,353 [INFO] apscheduler.scheduler: Adding job tentatively -- it will be properly scheduled when the scheduler starts
2026-07-03 14:49:16,353 [INFO] services.scheduler: 所有定时任务已注册
2026-07-03 14:49:16,354 [INFO] apscheduler.scheduler: Added job "磁盘/内存巡检" to job store "default"
2026-07-03 14:49:16,354 [INFO] apscheduler.scheduler: Added job "作业/备份/完整性巡检" to job store "default"
2026-07-03 14:49:16,355 [INFO] apscheduler.scheduler: Added job "阻塞检查" to job store "default"
2026-07-03 14:49:16,355 [INFO] apscheduler.scheduler: Added job "性能快照" to job store "default"
2026-07-03 14:49:16,355 [INFO] apscheduler.scheduler: Added job "索引碎片检查" to job store "default"
2026-07-03 14:49:16,355 [INFO] apscheduler.scheduler: Added job "错误日志扫描" to job store "default"
2026-07-03 14:49:16,355 [INFO] apscheduler.scheduler: Added job "死锁检测" to job store "default"
2026-07-03 14:49:16,355 [INFO] apscheduler.scheduler: Scheduler started
2026-07-03 14:49:16,356 [INFO] services.scheduler: 定时任务调度器已启动
2026-07-03 14:49:16,359 [INFO] __main__: DBA 自动运维平台启动中...
2026-07-03 14:49:16,366 [WARNING] werkzeug:  * Debugger is active!
2026-07-03 14:49:16,375 [INFO] werkzeug:  * Debugger PIN: 197-836-894
2026-07-03 14:49:22,272 [INFO] werkzeug: 127.0.0.1 - - [03/Jul/2026 14:49:22] "GET / HTTP/1.1" 200 -
2026-07-03 14:49:28,221 [INFO] apscheduler.executors.default: Running job "阻塞检查 (trigger: interval[0:05:00], next run at: 2026-07-03 14:54:28 CST)" (scheduled at 2026-07-03 14:49:28.183224+08:00)
2026-07-03 14:49:28,230 [INFO] services.inspection: 开始巡检: 成都
2026-07-03 14:49:28,643 [ERROR] collectors.base: [blocking] 成都 采集失败: ('42S22', '[42S22] [Microsoft][ODBC Driver 17 for SQL Server][SQL Server]列名 \'most_recent_sql_handle\' 无效。 (207) (SQLExecDirectW); [42S22] [Microsoft][ODBC Driver 17 for SQL Server][SQL Server]列名 \'database_id\' 无效。 (207); [42S22] [Microsoft][ODBC Driver 17 for SQL Server][SQL Server]无法绑定由多个部分组成的标识符 "blkr.session_id"。 (4104)')
2026-07-03 14:49:28,652 [ERROR] apscheduler.executors.default: Job "阻塞检查 (trigger: interval[0:05:00], next run at: 2026-07-03 14:54:28 CST)" raised an exception
Traceback (most recent call last):
  File "D:\工作\数据库管理员DBA\claude_code_DBA\.venv\Lib\site-packages\apscheduler\executors\base.py", line 125, in run_job
    retval = job.func(*job.args, **job.kwargs)
  File "D:\工作\数据库管理员DBA\claude_code_DBA\dba_auto_ops\services\scheduler.py", line 56, in <lambda>
    func=lambda: inspection_service.run_all(categories=["blocking"]),
                 ~~~~~~~~~~~~~~~~~~~~~~~~~~^^^^^^^^^^^^^^^^^^^^^^^^^
  File "D:\工作\数据库管理员DBA\claude_code_DBA\dba_auto_ops\services\inspection.py", line 60, in run_all
    results = self.run_instance(inst.name, categories)
  File "D:\工作\数据库管理员DBA\claude_code_DBA\dba_auto_ops\services\inspection.py", line 46, in run_instance
    result = self.run_single(instance_name, cat)
  File "D:\工作\数据库管理员DBA\claude_code_DBA\dba_auto_ops\services\inspection.py", line 37, in run_single
    self._save_result(result)
    ~~~~~~~~~~~~~~~~~^^^^^^^^
  File "D:\工作\数据库管理员DBA\claude_code_DBA\dba_auto_ops\services\inspection.py", line 96, in _save_result
    db.session.rollback()
    ~~~~~~~~~~~~~~~~~~~^^
  File "D:\工作\数据库管理员DBA\claude_code_DBA\.venv\Lib\site-packages\sqlalchemy\orm\scoping.py", line 1796, in rollback
    return self._proxied.rollback()
           ^^^^^^^^^^^^^
  File "D:\工作\数据库管理员DBA\claude_code_DBA\.venv\Lib\site-packages\sqlalchemy\orm\scoping.py", line 197, in _proxied
    return self.registry()
           ~~~~~~~~~~~~~^^
  File "D:\工作\数据库管理员DBA\claude_code_DBA\.venv\Lib\site-packages\sqlalchemy\util\_collections.py", line 632, in __call__
    key = self.scopefunc()
  File "D:\工作\数据库管理员DBA\claude_code_DBA\.venv\Lib\site-packages\flask_sqlalchemy\session.py", line 111, in _app_ctx_id
    return id(app_ctx._get_current_object())  # type: ignore[attr-defined]
              ~~~~~~~~~~~~~~~~~~~~~~~~~~~^^
  File "D:\工作\数据库管理员DBA\claude_code_DBA\.venv\Lib\site-packages\werkzeug\local.py", line 519, in _get_current_object
    raise RuntimeError(unbound_message) from None
RuntimeError: Working outside of application context.

This typically means that you attempted to use functionality that needed
the current application. To solve this, set up an application context
with app.app_context(). See the documentation for more information.
2026-07-03 14:49:28,807 [INFO] apscheduler.executors.default: Running job "阻塞检查 (trigger: interval[0:05:00], next run at: 2026-07-03 14:54:28 CST)" (scheduled at 2026-07-03 14:49:28.797742+08:00)
2026-07-03 14:49:28,809 [INFO] services.inspection: 开始巡检: 成都
2026-07-03 14:49:29,252 [ERROR] collectors.base: [blocking] 成都 采集失败: ('42S22', '[42S22] [Microsoft][ODBC Driver 17 for SQL Server][SQL Server]列名 \'most_recent_sql_handle\' 无效。 (207) (SQLExecDirectW); [42S22] [Microsoft][ODBC Driver 17 for SQL Server][SQL Server]列名 \'database_id\' 无效。 (207); [42S22] [Microsoft][ODBC Driver 17 for SQL Server][SQL Server]无法绑定由多个部分组成的标识符 "blkr.session_id"。 (4104)')
2026-07-03 14:49:29,256 [ERROR] apscheduler.executors.default: Job "阻塞检查 (trigger: interval[0:05:00], next run at: 2026-07-03 14:54:28 CST)" raised an exception
Traceback (most recent call last):
  File "D:\工作\数据库管理员DBA\claude_code_DBA\.venv\Lib\site-packages\apscheduler\executors\base.py", line 125, in run_job
    retval = job.func(*job.args, **job.kwargs)
  File "D:\工作\数据库管理员DBA\claude_code_DBA\dba_auto_ops\services\scheduler.py", line 56, in <lambda>
    func=lambda: inspection_service.run_all(categories=["blocking"]),
                 ~~~~~~~~~~~~~~~~~~~~~~~~~~^^^^^^^^^^^^^^^^^^^^^^^^^
  File "D:\工作\数据库管理员DBA\claude_code_DBA\dba_auto_ops\services\inspection.py", line 60, in run_all
    results = self.run_instance(inst.name, categories)
  File "D:\工作\数据库管理员DBA\claude_code_DBA\dba_auto_ops\services\inspection.py", line 46, in run_instance
    result = self.run_single(instance_name, cat)
  File "D:\工作\数据库管理员DBA\claude_code_DBA\dba_auto_ops\services\inspection.py", line 37, in run_single
    self._save_result(result)
    ~~~~~~~~~~~~~~~~~^^^^^^^^
  File "D:\工作\数据库管理员DBA\claude_code_DBA\dba_auto_ops\services\inspection.py", line 96, in _save_result
    db.session.rollback()
    ~~~~~~~~~~~~~~~~~~~^^
  File "D:\工作\数据库管理员DBA\claude_code_DBA\.venv\Lib\site-packages\sqlalchemy\orm\scoping.py", line 1796, in rollback
    return self._proxied.rollback()
           ^^^^^^^^^^^^^
  File "D:\工作\数据库管理员DBA\claude_code_DBA\.venv\Lib\site-packages\sqlalchemy\orm\scoping.py", line 197, in _proxied
    return self.registry()
           ~~~~~~~~~~~~~^^
  File "D:\工作\数据库管理员DBA\claude_code_DBA\.venv\Lib\site-packages\sqlalchemy\util\_collections.py", line 632, in __call__
    key = self.scopefunc()
  File "D:\工作\数据库管理员DBA\claude_code_DBA\.venv\Lib\site-packages\flask_sqlalchemy\session.py", line 111, in _app_ctx_id
    return id(app_ctx._get_current_object())  # type: ignore[attr-defined]
              ~~~~~~~~~~~~~~~~~~~~~~~~~~~^^
  File "D:\工作\数据库管理员DBA\claude_code_DBA\.venv\Lib\site-packages\werkzeug\local.py", line 519, in _get_current_object
    raise RuntimeError(unbound_message) from None
RuntimeError: Working outside of application context.

This typically means that you attempted to use functionality that needed
the current application. To solve this, set up an application context
with app.app_context(). See the documentation for more information.
2026-07-03 14:49:32,830 [ERROR] collectors.base: [blocking] 成都 采集失败: ('42S22', '[42S22] [Microsoft][ODBC Driver 17 for SQL Server][SQL Server]列名 \'most_recent_sql_handle\' 无效。 (207) (SQLExecDirectW); [42S22] [Microsoft][ODBC Driver 17 for SQL Server][SQL Server]列名 \'database_id\' 无效。 (207); [42S22] [Microsoft][ODBC Driver 17 for SQL Server][SQL Server]无法绑定由多个部分组成的标识符 "blkr.session_id"。 (4104)')
2026-07-03 14:49:32,842 [INFO] werkzeug: 127.0.0.1 - - [03/Jul/2026 14:49:32] "POST /api/inspection/run HTTP/1.1" 200 -
2026-07-03 14:49:44,216 [INFO] werkzeug: 127.0.0.1 - - [03/Jul/2026 14:49:44] "POST /api/inspection/run HTTP/1.1" 200 -
2026-07-03 14:50:03,670 [INFO] werkzeug: 127.0.0.1 - - [03/Jul/2026 14:50:03] "POST /api/inspection/run HTTP/1.1" 200 -
2026-07-03 14:50:56,029 [INFO] werkzeug:  * Detected change in 'D:\\工作\\数据库管理员DBA\\claude_code_DBA\\dba_auto_ops\\collectors\\memory.py', reloading
2026-07-03 14:50:56,197 [INFO] werkzeug:  * Restarting with stat
2026-07-03 14:50:56,374 [INFO] werkzeug:  * Detected change in 'D:\\工作\\数据库管理员DBA\\claude_code_DBA\\dba_auto_ops\\collectors\\memory.py', reloading
2026-07-03 14:50:56,735 [INFO] werkzeug:  * Restarting with stat
2026-07-03 14:50:56,739 [INFO] __main__: SQLite 数据库已初始化
2026-07-03 14:50:56,753 [INFO] core.mssql: 已加载 2 个 SQL Server 实例
2026-07-03 14:50:56,870 [INFO] services.inspection: 注册采集器: disk
2026-07-03 14:50:56,870 [INFO] services.inspection: 注册采集器: memory
2026-07-03 14:50:56,870 [INFO] services.inspection: 注册采集器: jobs
2026-07-03 14:50:56,870 [INFO] services.inspection: 注册采集器: backups
2026-07-03 14:50:56,870 [INFO] services.inspection: 注册采集器: db_integrity
2026-07-03 14:50:56,870 [INFO] services.inspection: 注册采集器: blocking
2026-07-03 14:50:56,870 [INFO] services.inspection: 注册采集器: slow_query
2026-07-03 14:50:56,871 [INFO] services.inspection: 注册采集器: index_frag
2026-07-03 14:50:56,871 [INFO] services.inspection: 注册采集器: error_log
2026-07-03 14:50:56,871 [INFO] services.inspection: 注册采集器: wait_stats
2026-07-03 14:50:56,871 [INFO] services.inspection: 注册采集器: deadlock
2026-07-03 14:50:56,871 [INFO] __main__: 所有采集器已注册
2026-07-03 14:50:56,877 [INFO] apscheduler.scheduler: Adding job tentatively -- it will be properly scheduled when the scheduler starts
2026-07-03 14:50:56,877 [INFO] apscheduler.scheduler: Adding job tentatively -- it will be properly scheduled when the scheduler starts
2026-07-03 14:50:56,877 [INFO] apscheduler.scheduler: Adding job tentatively -- it will be properly scheduled when the scheduler starts
2026-07-03 14:50:56,877 [INFO] apscheduler.scheduler: Adding job tentatively -- it will be properly scheduled when the scheduler starts
2026-07-03 14:50:56,878 [INFO] apscheduler.scheduler: Adding job tentatively -- it will be properly scheduled when the scheduler starts
2026-07-03 14:50:56,878 [INFO] apscheduler.scheduler: Adding job tentatively -- it will be properly scheduled when the scheduler starts
2026-07-03 14:50:56,878 [INFO] apscheduler.scheduler: Adding job tentatively -- it will be properly scheduled when the scheduler starts
2026-07-03 14:50:56,878 [INFO] services.scheduler: 所有定时任务已注册
2026-07-03 14:50:56,879 [INFO] apscheduler.scheduler: Added job "磁盘/内存巡检" to job store "default"
2026-07-03 14:50:56,879 [INFO] apscheduler.scheduler: Added job "作业/备份/完整性巡检" to job store "default"
2026-07-03 14:50:56,879 [INFO] apscheduler.scheduler: Added job "阻塞检查" to job store "default"
2026-07-03 14:50:56,879 [INFO] apscheduler.scheduler: Added job "性能快照" to job store "default"
2026-07-03 14:50:56,879 [INFO] apscheduler.scheduler: Added job "索引碎片检查" to job store "default"
2026-07-03 14:50:56,879 [INFO] apscheduler.scheduler: Added job "错误日志扫描" to job store "default"
2026-07-03 14:50:56,879 [INFO] apscheduler.scheduler: Added job "死锁检测" to job store "default"
2026-07-03 14:50:56,879 [INFO] apscheduler.scheduler: Scheduler started
2026-07-03 14:50:56,880 [INFO] services.scheduler: 定时任务调度器已启动
2026-07-03 14:50:56,889 [INFO] __main__: DBA 自动运维平台启动中...
2026-07-03 14:50:56,897 [WARNING] werkzeug:  * Debugger is active!
2026-07-03 14:50:56,902 [INFO] werkzeug:  * Debugger PIN: 197-836-894
2026-07-03 14:50:57,313 [INFO] __main__: SQLite 数据库已初始化
2026-07-03 14:50:57,339 [INFO] core.mssql: 已加载 2 个 SQL Server 实例
2026-07-03 14:50:57,495 [INFO] services.inspection: 注册采集器: disk
2026-07-03 14:50:57,495 [INFO] services.inspection: 注册采集器: memory
2026-07-03 14:50:57,495 [INFO] services.inspection: 注册采集器: jobs
2026-07-03 14:50:57,495 [INFO] services.inspection: 注册采集器: backups
2026-07-03 14:50:57,495 [INFO] services.inspection: 注册采集器: db_integrity
2026-07-03 14:50:57,495 [INFO] services.inspection: 注册采集器: blocking
2026-07-03 14:50:57,495 [INFO] services.inspection: 注册采集器: slow_query
2026-07-03 14:50:57,496 [INFO] services.inspection: 注册采集器: index_frag
2026-07-03 14:50:57,496 [INFO] services.inspection: 注册采集器: error_log
2026-07-03 14:50:57,496 [INFO] services.inspection: 注册采集器: wait_stats
2026-07-03 14:50:57,496 [INFO] services.inspection: 注册采集器: deadlock
2026-07-03 14:50:57,496 [INFO] __main__: 所有采集器已注册
2026-07-03 14:50:57,501 [INFO] apscheduler.scheduler: Adding job tentatively -- it will be properly scheduled when the scheduler starts
2026-07-03 14:50:57,502 [INFO] apscheduler.scheduler: Adding job tentatively -- it will be properly scheduled when the scheduler starts
2026-07-03 14:50:57,502 [INFO] apscheduler.scheduler: Adding job tentatively -- it will be properly scheduled when the scheduler starts
2026-07-03 14:50:57,502 [INFO] apscheduler.scheduler: Adding job tentatively -- it will be properly scheduled when the scheduler starts
2026-07-03 14:50:57,502 [INFO] apscheduler.scheduler: Adding job tentatively -- it will be properly scheduled when the scheduler starts
2026-07-03 14:50:57,502 [INFO] apscheduler.scheduler: Adding job tentatively -- it will be properly scheduled when the scheduler starts
2026-07-03 14:50:57,502 [INFO] apscheduler.scheduler: Adding job tentatively -- it will be properly scheduled when the scheduler starts
2026-07-03 14:50:57,502 [INFO] services.scheduler: 所有定时任务已注册
2026-07-03 14:50:57,503 [INFO] apscheduler.scheduler: Added job "磁盘/内存巡检" to job store "default"
2026-07-03 14:50:57,503 [INFO] apscheduler.scheduler: Added job "作业/备份/完整性巡检" to job store "default"
2026-07-03 14:50:57,503 [INFO] apscheduler.scheduler: Added job "阻塞检查" to job store "default"
2026-07-03 14:50:57,503 [INFO] apscheduler.scheduler: Added job "性能快照" to job store "default"
2026-07-03 14:50:57,503 [INFO] apscheduler.scheduler: Added job "索引碎片检查" to job store "default"
2026-07-03 14:50:57,504 [INFO] apscheduler.scheduler: Added job "错误日志扫描" to job store "default"
2026-07-03 14:50:57,504 [INFO] apscheduler.scheduler: Added job "死锁检测" to job store "default"
2026-07-03 14:50:57,504 [INFO] apscheduler.scheduler: Scheduler started
2026-07-03 14:50:57,504 [INFO] services.scheduler: 定时任务调度器已启动
2026-07-03 14:50:57,508 [INFO] __main__: DBA 自动运维平台启动中...
2026-07-03 14:50:57,515 [WARNING] werkzeug:  * Debugger is active!
2026-07-03 14:50:57,523 [INFO] werkzeug:  * Debugger PIN: 197-836-894
2026-07-03 14:51:11,970 [INFO] __main__: SQLite 数据库已初始化
2026-07-03 14:51:11,985 [INFO] core.mssql: 已加载 2 个 SQL Server 实例
2026-07-03 14:51:12,078 [INFO] services.inspection: 注册采集器: disk
2026-07-03 14:51:12,078 [INFO] services.inspection: 注册采集器: memory
2026-07-03 14:51:12,078 [INFO] services.inspection: 注册采集器: jobs
2026-07-03 14:51:12,079 [INFO] services.inspection: 注册采集器: backups
2026-07-03 14:51:12,079 [INFO] services.inspection: 注册采集器: db_integrity
2026-07-03 14:51:12,079 [INFO] services.inspection: 注册采集器: blocking
2026-07-03 14:51:12,079 [INFO] services.inspection: 注册采集器: slow_query
2026-07-03 14:51:12,079 [INFO] services.inspection: 注册采集器: index_frag
2026-07-03 14:51:12,079 [INFO] services.inspection: 注册采集器: error_log
2026-07-03 14:51:12,079 [INFO] services.inspection: 注册采集器: wait_stats
2026-07-03 14:51:12,079 [INFO] services.inspection: 注册采集器: deadlock
2026-07-03 14:51:12,079 [INFO] __main__: 所有采集器已注册
2026-07-03 14:51:12,085 [INFO] apscheduler.scheduler: Adding job tentatively -- it will be properly scheduled when the scheduler starts
2026-07-03 14:51:12,085 [INFO] apscheduler.scheduler: Adding job tentatively -- it will be properly scheduled when the scheduler starts
2026-07-03 14:51:12,085 [INFO] apscheduler.scheduler: Adding job tentatively -- it will be properly scheduled when the scheduler starts
2026-07-03 14:51:12,085 [INFO] apscheduler.scheduler: Adding job tentatively -- it will be properly scheduled when the scheduler starts
2026-07-03 14:51:12,085 [INFO] apscheduler.scheduler: Adding job tentatively -- it will be properly scheduled when the scheduler starts
2026-07-03 14:51:12,086 [INFO] apscheduler.scheduler: Adding job tentatively -- it will be properly scheduled when the scheduler starts
2026-07-03 14:51:12,086 [INFO] apscheduler.scheduler: Adding job tentatively -- it will be properly scheduled when the scheduler starts
2026-07-03 14:51:12,086 [INFO] services.scheduler: 所有定时任务已注册
2026-07-03 14:51:12,086 [INFO] apscheduler.scheduler: Added job "磁盘/内存巡检" to job store "default"
2026-07-03 14:51:12,087 [INFO] apscheduler.scheduler: Added job "作业/备份/完整性巡检" to job store "default"
2026-07-03 14:51:12,087 [INFO] apscheduler.scheduler: Added job "阻塞检查" to job store "default"
2026-07-03 14:51:12,087 [INFO] apscheduler.scheduler: Added job "性能快照" to job store "default"
2026-07-03 14:51:12,087 [INFO] apscheduler.scheduler: Added job "索引碎片检查" to job store "default"
2026-07-03 14:51:12,087 [INFO] apscheduler.scheduler: Added job "错误日志扫描" to job store "default"
2026-07-03 14:51:12,087 [INFO] apscheduler.scheduler: Added job "死锁检测" to job store "default"
2026-07-03 14:51:12,087 [INFO] apscheduler.scheduler: Scheduler started
2026-07-03 14:51:12,088 [INFO] services.scheduler: 定时任务调度器已启动
2026-07-03 14:51:12,092 [INFO] __main__: DBA 自动运维平台启动中...
2026-07-03 14:51:12,108 [INFO] werkzeug: [31m[1mWARNING: This is a development server. Do not use it in a production deployment. Use a production WSGI server instead.[0m
 * Running on all addresses (0.0.0.0)
 * Running on http://127.0.0.1:5000
 * Running on http://10.20.23.146:5000
2026-07-03 14:51:12,108 [INFO] werkzeug: [33mPress CTRL+C to quit[0m
2026-07-03 14:51:12,109 [INFO] werkzeug:  * Restarting with stat
2026-07-03 14:51:12,623 [INFO] __main__: SQLite 数据库已初始化
2026-07-03 14:51:12,639 [INFO] core.mssql: 已加载 2 个 SQL Server 实例
2026-07-03 14:51:12,737 [INFO] services.inspection: 注册采集器: disk
2026-07-03 14:51:12,737 [INFO] services.inspection: 注册采集器: memory
2026-07-03 14:51:12,738 [INFO] services.inspection: 注册采集器: jobs
2026-07-03 14:51:12,738 [INFO] services.inspection: 注册采集器: backups
2026-07-03 14:51:12,738 [INFO] services.inspection: 注册采集器: db_integrity
2026-07-03 14:51:12,738 [INFO] services.inspection: 注册采集器: blocking
2026-07-03 14:51:12,738 [INFO] services.inspection: 注册采集器: slow_query
2026-07-03 14:51:12,738 [INFO] services.inspection: 注册采集器: index_frag
2026-07-03 14:51:12,738 [INFO] services.inspection: 注册采集器: error_log
2026-07-03 14:51:12,738 [INFO] services.inspection: 注册采集器: wait_stats
2026-07-03 14:51:12,738 [INFO] services.inspection: 注册采集器: deadlock
2026-07-03 14:51:12,738 [INFO] __main__: 所有采集器已注册
2026-07-03 14:51:12,743 [INFO] apscheduler.scheduler: Adding job tentatively -- it will be properly scheduled when the scheduler starts
2026-07-03 14:51:12,744 [INFO] apscheduler.scheduler: Adding job tentatively -- it will be properly scheduled when the scheduler starts
2026-07-03 14:51:12,744 [INFO] apscheduler.scheduler: Adding job tentatively -- it will be properly scheduled when the scheduler starts
2026-07-03 14:51:12,744 [INFO] apscheduler.scheduler: Adding job tentatively -- it will be properly scheduled when the scheduler starts
2026-07-03 14:51:12,744 [INFO] apscheduler.scheduler: Adding job tentatively -- it will be properly scheduled when the scheduler starts
2026-07-03 14:51:12,744 [INFO] apscheduler.scheduler: Adding job tentatively -- it will be properly scheduled when the scheduler starts
2026-07-03 14:51:12,745 [INFO] apscheduler.scheduler: Adding job tentatively -- it will be properly scheduled when the scheduler starts
2026-07-03 14:51:12,745 [INFO] services.scheduler: 所有定时任务已注册
2026-07-03 14:51:12,746 [INFO] apscheduler.scheduler: Added job "磁盘/内存巡检" to job store "default"
2026-07-03 14:51:12,746 [INFO] apscheduler.scheduler: Added job "作业/备份/完整性巡检" to job store "default"
2026-07-03 14:51:12,746 [INFO] apscheduler.scheduler: Added job "阻塞检查" to job store "default"
2026-07-03 14:51:12,746 [INFO] apscheduler.scheduler: Added job "性能快照" to job store "default"
2026-07-03 14:51:12,746 [INFO] apscheduler.scheduler: Added job "索引碎片检查" to job store "default"
2026-07-03 14:51:12,747 [INFO] apscheduler.scheduler: Added job "错误日志扫描" to job store "default"
2026-07-03 14:51:12,747 [INFO] apscheduler.scheduler: Added job "死锁检测" to job store "default"
2026-07-03 14:51:12,747 [INFO] apscheduler.scheduler: Scheduler started
2026-07-03 14:51:12,747 [INFO] services.scheduler: 定时任务调度器已启动
2026-07-03 14:51:12,751 [INFO] __main__: DBA 自动运维平台启动中...
2026-07-03 14:51:12,760 [WARNING] werkzeug:  * Debugger is active!
2026-07-03 14:51:12,766 [INFO] werkzeug:  * Debugger PIN: 197-836-894
2026-07-03 14:51:19,915 [INFO] werkzeug: 127.0.0.1 - - [03/Jul/2026 14:51:19] "GET / HTTP/1.1" 200 -
2026-07-03 14:52:23,065 [INFO] werkzeug: 127.0.0.1 - - [03/Jul/2026 14:52:23] "GET / HTTP/1.1" 200 -
2026-07-03 14:53:02,533 [ERROR] collectors.base: [blocking] 成都 采集失败: ('42S22', '[42S22] [Microsoft][ODBC Driver 17 for SQL Server][SQL Server]列名 \'most_recent_sql_handle\' 无效。 (207) (SQLExecDirectW); [42S22] [Microsoft][ODBC Driver 17 for SQL Server][SQL Server]列名 \'database_id\' 无效。 (207); [42S22] [Microsoft][ODBC Driver 17 for SQL Server][SQL Server]无法绑定由多个部分组成的标识符 "blkr.session_id"。 (4104)')
2026-07-03 14:53:02,547 [INFO] werkzeug: 127.0.0.1 - - [03/Jul/2026 14:53:02] "POST /api/inspection/run HTTP/1.1" 200 -
2026-07-03 14:53:30,045 [ERROR] collectors.base: [blocking] 成都 采集失败: ('42S22', "[42S22] [Microsoft][ODBC Driver 17 for SQL Server][SQL Server]列名 'most_recent_sql_handle' 无效。 (207) (SQLExecDirectW); [42S22] [Microsoft][ODBC Driver 17 for SQL Server][SQL Server]列名 'database_id' 无效。 (207)")
2026-07-03 14:53:30,054 [INFO] werkzeug: 127.0.0.1 - - [03/Jul/2026 14:53:30] "POST /api/inspection/run HTTP/1.1" 200 -
2026-07-03 14:53:52,195 [ERROR] collectors.base: [blocking] 成都 采集失败: ('42S22', "[42S22] [Microsoft][ODBC Driver 17 for SQL Server][SQL Server]列名 'database_id' 无效。 (207) (SQLExecDirectW)")
2026-07-03 14:53:52,207 [INFO] werkzeug: 127.0.0.1 - - [03/Jul/2026 14:53:52] "POST /api/inspection/run HTTP/1.1" 200 -
2026-07-03 14:54:06,148 [INFO] werkzeug: 127.0.0.1 - - [03/Jul/2026 14:54:06] "POST /api/inspection/run HTTP/1.1" 200 -
2026-07-03 14:54:13,937 [INFO] werkzeug: 127.0.0.1 - - [03/Jul/2026 14:54:13] "POST /api/inspection/run HTTP/1.1" 200 -
2026-07-03 14:54:26,346 [INFO] werkzeug: 127.0.0.1 - - [03/Jul/2026 14:54:26] "[31m[1mPOST /api/inspection/run HTTP/1.1[0m" 400 -
2026-07-03 14:54:34,850 [INFO] werkzeug: 127.0.0.1 - - [03/Jul/2026 14:54:34] "POST /api/inspection/run HTTP/1.1" 200 -
2026-07-03 14:54:46,907 [INFO] werkzeug: 127.0.0.1 - - [03/Jul/2026 14:54:46] "GET / HTTP/1.1" 200 -
2026-07-03 14:54:46,984 [INFO] werkzeug: 127.0.0.1 - - [03/Jul/2026 14:54:46] "GET /static/css/style.css HTTP/1.1" 200 -
2026-07-03 14:54:47,173 [INFO] werkzeug: 127.0.0.1 - - [03/Jul/2026 14:54:47] "GET /static/js/dashboard.js HTTP/1.1" 200 -
2026-07-03 14:54:49,188 [INFO] werkzeug: 127.0.0.1 - - [03/Jul/2026 14:54:49] "GET /api/dashboard HTTP/1.1" 200 -
2026-07-03 14:54:49,753 [INFO] werkzeug: 127.0.0.1 - - [03/Jul/2026 14:54:49] "[33mGET /favicon.ico HTTP/1.1[0m" 404 -
2026-07-03 14:55:31,975 [INFO] werkzeug: 127.0.0.1 - - [03/Jul/2026 14:55:31] "GET /inspection HTTP/1.1" 200 -
2026-07-03 14:55:32,110 [INFO] werkzeug: 127.0.0.1 - - [03/Jul/2026 14:55:32] "[36mGET /static/css/style.css HTTP/1.1[0m" 304 -
2026-07-03 14:55:32,237 [INFO] werkzeug: 127.0.0.1 - - [03/Jul/2026 14:55:32] "[36mGET /static/js/dashboard.js HTTP/1.1[0m" 304 -
2026-07-03 14:55:32,342 [INFO] werkzeug: 127.0.0.1 - - [03/Jul/2026 14:55:32] "GET /api/instances HTTP/1.1" 200 -
2026-07-03 14:55:32,554 [INFO] werkzeug: 127.0.0.1 - - [03/Jul/2026 14:55:32] "GET /api/inspection HTTP/1.1" 200 -
2026-07-03 14:55:38,408 [INFO] werkzeug: 127.0.0.1 - - [03/Jul/2026 14:55:38] "GET /performance HTTP/1.1" 200 -
2026-07-03 14:55:38,712 [INFO] werkzeug: 127.0.0.1 - - [03/Jul/2026 14:55:38] "[36mGET /static/css/style.css HTTP/1.1[0m" 304 -
2026-07-03 14:55:38,760 [INFO] werkzeug: 127.0.0.1 - - [03/Jul/2026 14:55:38] "[36mGET /static/js/dashboard.js HTTP/1.1[0m" 304 -
2026-07-03 14:55:39,071 [INFO] werkzeug: 127.0.0.1 - - [03/Jul/2026 14:55:39] "GET /api/instances HTTP/1.1" 200 -
2026-07-03 14:55:43,341 [INFO] werkzeug: 127.0.0.1 - - [03/Jul/2026 14:55:43] "[35m[1mGET /report HTTP/1.1[0m" 500 -
2026-07-03 14:55:43,616 [INFO] werkzeug: 127.0.0.1 - - [03/Jul/2026 14:55:43] "GET /report?__debugger__=yes&cmd=resource&f=style.css HTTP/1.1" 200 -
2026-07-03 14:55:43,691 [INFO] werkzeug: 127.0.0.1 - - [03/Jul/2026 14:55:43] "GET /report?__debugger__=yes&cmd=resource&f=debugger.js HTTP/1.1" 200 -
2026-07-03 14:55:44,035 [INFO] werkzeug: 127.0.0.1 - - [03/Jul/2026 14:55:44] "GET /report?__debugger__=yes&cmd=resource&f=console.png&s=WIU9r1ueBsnd7gz5T7ld HTTP/1.1" 200 -
2026-07-03 14:55:44,296 [INFO] werkzeug: 127.0.0.1 - - [03/Jul/2026 14:55:44] "GET /report?__debugger__=yes&cmd=resource&f=console.png HTTP/1.1" 200 -
2026-07-03 14:55:54,750 [INFO] werkzeug: 127.0.0.1 - - [03/Jul/2026 14:55:54] "GET / HTTP/1.1" 200 -
2026-07-03 14:55:54,797 [INFO] werkzeug: 127.0.0.1 - - [03/Jul/2026 14:55:54] "[36mGET /static/css/style.css HTTP/1.1[0m" 304 -
2026-07-03 14:55:55,001 [INFO] werkzeug: 127.0.0.1 - - [03/Jul/2026 14:55:55] "[36mGET /static/js/dashboard.js HTTP/1.1[0m" 304 -
2026-07-03 14:55:55,325 [INFO] werkzeug: 127.0.0.1 - - [03/Jul/2026 14:55:55] "GET /api/dashboard HTTP/1.1" 200 -
2026-07-03 14:56:12,098 [INFO] apscheduler.executors.default: Running job "阻塞检查 (trigger: interval[0:05:00], next run at: 2026-07-03 15:01:12 CST)" (scheduled at 2026-07-03 14:56:12.085626+08:00)
2026-07-03 14:56:12,098 [INFO] services.inspection: 开始巡检: 成都
2026-07-03 14:56:12,753 [INFO] apscheduler.executors.default: Running job "阻塞检查 (trigger: interval[0:05:00], next run at: 2026-07-03 15:01:12 CST)" (scheduled at 2026-07-03 14:56:12.744193+08:00)
2026-07-03 14:56:12,754 [INFO] services.inspection: 开始巡检: 成都
2026-07-03 14:56:12,824 [ERROR] apscheduler.executors.default: Job "阻塞检查 (trigger: interval[0:05:00], next run at: 2026-07-03 15:01:12 CST)" raised an exception
Traceback (most recent call last):
  File "D:\工作\数据库管理员DBA\claude_code_DBA\.venv\Lib\site-packages\apscheduler\executors\base.py", line 125, in run_job
    retval = job.func(*job.args, **job.kwargs)
  File "D:\工作\数据库管理员DBA\claude_code_DBA\dba_auto_ops\services\scheduler.py", line 56, in <lambda>
    func=lambda: inspection_service.run_all(categories=["blocking"]),
                 ~~~~~~~~~~~~~~~~~~~~~~~~~~^^^^^^^^^^^^^^^^^^^^^^^^^
  File "D:\工作\数据库管理员DBA\claude_code_DBA\dba_auto_ops\services\inspection.py", line 60, in run_all
    results = self.run_instance(inst.name, categories)
  File "D:\工作\数据库管理员DBA\claude_code_DBA\dba_auto_ops\services\inspection.py", line 46, in run_instance
    result = self.run_single(instance_name, cat)
  File "D:\工作\数据库管理员DBA\claude_code_DBA\dba_auto_ops\services\inspection.py", line 37, in run_single
    self._save_result(result)
    ~~~~~~~~~~~~~~~~~^^^^^^^^
  File "D:\工作\数据库管理员DBA\claude_code_DBA\dba_auto_ops\services\inspection.py", line 96, in _save_result
    db.session.rollback()
    ~~~~~~~~~~~~~~~~~~~^^
  File "D:\工作\数据库管理员DBA\claude_code_DBA\.venv\Lib\site-packages\sqlalchemy\orm\scoping.py", line 1796, in rollback
    return self._proxied.rollback()
           ^^^^^^^^^^^^^
  File "D:\工作\数据库管理员DBA\claude_code_DBA\.venv\Lib\site-packages\sqlalchemy\orm\scoping.py", line 197, in _proxied
    return self.registry()
           ~~~~~~~~~~~~~^^
  File "D:\工作\数据库管理员DBA\claude_code_DBA\.venv\Lib\site-packages\sqlalchemy\util\_collections.py", line 632, in __call__
    key = self.scopefunc()
  File "D:\工作\数据库管理员DBA\claude_code_DBA\.venv\Lib\site-packages\flask_sqlalchemy\session.py", line 111, in _app_ctx_id
    return id(app_ctx._get_current_object())  # type: ignore[attr-defined]
              ~~~~~~~~~~~~~~~~~~~~~~~~~~~^^
  File "D:\工作\数据库管理员DBA\claude_code_DBA\.venv\Lib\site-packages\werkzeug\local.py", line 519, in _get_current_object
    raise RuntimeError(unbound_message) from None
RuntimeError: Working outside of application context.

This typically means that you attempted to use functionality that needed
the current application. To solve this, set up an application context
with app.app_context(). See the documentation for more information.
2026-07-03 14:56:13,228 [ERROR] apscheduler.executors.default: Job "阻塞检查 (trigger: interval[0:05:00], next run at: 2026-07-03 15:01:12 CST)" raised an exception
Traceback (most recent call last):
  File "D:\工作\数据库管理员DBA\claude_code_DBA\.venv\Lib\site-packages\apscheduler\executors\base.py", line 125, in run_job
    retval = job.func(*job.args, **job.kwargs)
  File "D:\工作\数据库管理员DBA\claude_code_DBA\dba_auto_ops\services\scheduler.py", line 56, in <lambda>
    func=lambda: inspection_service.run_all(categories=["blocking"]),
                 ~~~~~~~~~~~~~~~~~~~~~~~~~~^^^^^^^^^^^^^^^^^^^^^^^^^
  File "D:\工作\数据库管理员DBA\claude_code_DBA\dba_auto_ops\services\inspection.py", line 60, in run_all
    results = self.run_instance(inst.name, categories)
  File "D:\工作\数据库管理员DBA\claude_code_DBA\dba_auto_ops\services\inspection.py", line 46, in run_instance
    result = self.run_single(instance_name, cat)
  File "D:\工作\数据库管理员DBA\claude_code_DBA\dba_auto_ops\services\inspection.py", line 37, in run_single
    self._save_result(result)
    ~~~~~~~~~~~~~~~~~^^^^^^^^
  File "D:\工作\数据库管理员DBA\claude_code_DBA\dba_auto_ops\services\inspection.py", line 96, in _save_result
    db.session.rollback()
    ~~~~~~~~~~~~~~~~~~~^^
  File "D:\工作\数据库管理员DBA\claude_code_DBA\.venv\Lib\site-packages\sqlalchemy\orm\scoping.py", line 1796, in rollback
    return self._proxied.rollback()
           ^^^^^^^^^^^^^
  File "D:\工作\数据库管理员DBA\claude_code_DBA\.venv\Lib\site-packages\sqlalchemy\orm\scoping.py", line 197, in _proxied
    return self.registry()
           ~~~~~~~~~~~~~^^
  File "D:\工作\数据库管理员DBA\claude_code_DBA\.venv\Lib\site-packages\sqlalchemy\util\_collections.py", line 632, in __call__
    key = self.scopefunc()
  File "D:\工作\数据库管理员DBA\claude_code_DBA\.venv\Lib\site-packages\flask_sqlalchemy\session.py", line 111, in _app_ctx_id
    return id(app_ctx._get_current_object())  # type: ignore[attr-defined]
              ~~~~~~~~~~~~~~~~~~~~~~~~~~~^^
  File "D:\工作\数据库管理员DBA\claude_code_DBA\.venv\Lib\site-packages\werkzeug\local.py", line 519, in _get_current_object
    raise RuntimeError(unbound_message) from None
RuntimeError: Working outside of application context.

This typically means that you attempted to use functionality that needed
the current application. To solve this, set up an application context
with app.app_context(). See the documentation for more information.
2026-07-03 14:56:41,419 [INFO] werkzeug: 127.0.0.1 - - [03/Jul/2026 14:56:41] "GET /instance/天门 HTTP/1.1" 200 -
2026-07-03 14:56:41,528 [INFO] werkzeug: 127.0.0.1 - - [03/Jul/2026 14:56:41] "[36mGET /static/css/style.css HTTP/1.1[0m" 304 -
2026-07-03 14:56:41,667 [INFO] werkzeug: 127.0.0.1 - - [03/Jul/2026 14:56:41] "[36mGET /static/js/dashboard.js HTTP/1.1[0m" 304 -
2026-07-03 14:56:41,805 [INFO] werkzeug: 127.0.0.1 - - [03/Jul/2026 14:56:41] "GET /api/instance/天门 HTTP/1.1" 200 -
2026-07-03 15:01:12,116 [INFO] apscheduler.executors.default: Running job "阻塞检查 (trigger: interval[0:05:00], next run at: 2026-07-03 15:06:12 CST)" (scheduled at 2026-07-03 15:01:12.085626+08:00)
2026-07-03 15:01:12,129 [INFO] services.inspection: 开始巡检: 成都
2026-07-03 15:01:12,663 [ERROR] apscheduler.executors.default: Job "阻塞检查 (trigger: interval[0:05:00], next run at: 2026-07-03 15:06:12 CST)" raised an exception
Traceback (most recent call last):
  File "D:\工作\数据库管理员DBA\claude_code_DBA\.venv\Lib\site-packages\apscheduler\executors\base.py", line 125, in run_job
    retval = job.func(*job.args, **job.kwargs)
  File "D:\工作\数据库管理员DBA\claude_code_DBA\dba_auto_ops\services\scheduler.py", line 56, in <lambda>
    func=lambda: inspection_service.run_all(categories=["blocking"]),
                 ~~~~~~~~~~~~~~~~~~~~~~~~~~^^^^^^^^^^^^^^^^^^^^^^^^^
  File "D:\工作\数据库管理员DBA\claude_code_DBA\dba_auto_ops\services\inspection.py", line 60, in run_all
    results = self.run_instance(inst.name, categories)
  File "D:\工作\数据库管理员DBA\claude_code_DBA\dba_auto_ops\services\inspection.py", line 46, in run_instance
    result = self.run_single(instance_name, cat)
  File "D:\工作\数据库管理员DBA\claude_code_DBA\dba_auto_ops\services\inspection.py", line 37, in run_single
    self._save_result(result)
    ~~~~~~~~~~~~~~~~~^^^^^^^^
  File "D:\工作\数据库管理员DBA\claude_code_DBA\dba_auto_ops\services\inspection.py", line 96, in _save_result
    db.session.rollback()
    ~~~~~~~~~~~~~~~~~~~^^
  File "D:\工作\数据库管理员DBA\claude_code_DBA\.venv\Lib\site-packages\sqlalchemy\orm\scoping.py", line 1796, in rollback
    return self._proxied.rollback()
           ^^^^^^^^^^^^^
  File "D:\工作\数据库管理员DBA\claude_code_DBA\.venv\Lib\site-packages\sqlalchemy\orm\scoping.py", line 197, in _proxied
    return self.registry()
           ~~~~~~~~~~~~~^^
  File "D:\工作\数据库管理员DBA\claude_code_DBA\.venv\Lib\site-packages\sqlalchemy\util\_collections.py", line 632, in __call__
    key = self.scopefunc()
  File "D:\工作\数据库管理员DBA\claude_code_DBA\.venv\Lib\site-packages\flask_sqlalchemy\session.py", line 111, in _app_ctx_id
    return id(app_ctx._get_current_object())  # type: ignore[attr-defined]
              ~~~~~~~~~~~~~~~~~~~~~~~~~~~^^
  File "D:\工作\数据库管理员DBA\claude_code_DBA\.venv\Lib\site-packages\werkzeug\local.py", line 519, in _get_current_object
    raise RuntimeError(unbound_message) from None
RuntimeError: Working outside of application context.

This typically means that you attempted to use functionality that needed
the current application. To solve this, set up an application context
with app.app_context(). See the documentation for more information.
2026-07-03 15:01:12,773 [INFO] apscheduler.executors.default: Running job "阻塞检查 (trigger: interval[0:05:00], next run at: 2026-07-03 15:06:12 CST)" (scheduled at 2026-07-03 15:01:12.744193+08:00)
2026-07-03 15:01:12,778 [INFO] services.inspection: 开始巡检: 成都
2026-07-03 15:01:13,375 [ERROR] apscheduler.executors.default: Job "阻塞检查 (trigger: interval[0:05:00], next run at: 2026-07-03 15:06:12 CST)" raised an exception
Traceback (most recent call last):
  File "D:\工作\数据库管理员DBA\claude_code_DBA\.venv\Lib\site-packages\apscheduler\executors\base.py", line 125, in run_job
    retval = job.func(*job.args, **job.kwargs)
  File "D:\工作\数据库管理员DBA\claude_code_DBA\dba_auto_ops\services\scheduler.py", line 56, in <lambda>
    func=lambda: inspection_service.run_all(categories=["blocking"]),
                 ~~~~~~~~~~~~~~~~~~~~~~~~~~^^^^^^^^^^^^^^^^^^^^^^^^^
  File "D:\工作\数据库管理员DBA\claude_code_DBA\dba_auto_ops\services\inspection.py", line 60, in run_all
    results = self.run_instance(inst.name, categories)
  File "D:\工作\数据库管理员DBA\claude_code_DBA\dba_auto_ops\services\inspection.py", line 46, in run_instance
    result = self.run_single(instance_name, cat)
  File "D:\工作\数据库管理员DBA\claude_code_DBA\dba_auto_ops\services\inspection.py", line 37, in run_single
    self._save_result(result)
    ~~~~~~~~~~~~~~~~~^^^^^^^^
  File "D:\工作\数据库管理员DBA\claude_code_DBA\dba_auto_ops\services\inspection.py", line 96, in _save_result
    db.session.rollback()
    ~~~~~~~~~~~~~~~~~~~^^
  File "D:\工作\数据库管理员DBA\claude_code_DBA\.venv\Lib\site-packages\sqlalchemy\orm\scoping.py", line 1796, in rollback
    return self._proxied.rollback()
           ^^^^^^^^^^^^^
  File "D:\工作\数据库管理员DBA\claude_code_DBA\.venv\Lib\site-packages\sqlalchemy\orm\scoping.py", line 197, in _proxied
    return self.registry()
           ~~~~~~~~~~~~~^^
  File "D:\工作\数据库管理员DBA\claude_code_DBA\.venv\Lib\site-packages\sqlalchemy\util\_collections.py", line 632, in __call__
    key = self.scopefunc()
  File "D:\工作\数据库管理员DBA\claude_code_DBA\.venv\Lib\site-packages\flask_sqlalchemy\session.py", line 111, in _app_ctx_id
    return id(app_ctx._get_current_object())  # type: ignore[attr-defined]
              ~~~~~~~~~~~~~~~~~~~~~~~~~~~^^
  File "D:\工作\数据库管理员DBA\claude_code_DBA\.venv\Lib\site-packages\werkzeug\local.py", line 519, in _get_current_object
    raise RuntimeError(unbound_message) from None
RuntimeError: Working outside of application context.

This typically means that you attempted to use functionality that needed
the current application. To solve this, set up an application context
with app.app_context(). See the documentation for more information.
2026-07-03 15:01:47,087 [INFO] werkzeug: 127.0.0.1 - - [03/Jul/2026 15:01:47] "GET /instance/成都 HTTP/1.1" 200 -
2026-07-03 15:01:47,145 [INFO] werkzeug: 127.0.0.1 - - [03/Jul/2026 15:01:47] "[36mGET /static/css/style.css HTTP/1.1[0m" 304 -
2026-07-03 15:01:47,449 [INFO] werkzeug: 127.0.0.1 - - [03/Jul/2026 15:01:47] "[36mGET /static/js/dashboard.js HTTP/1.1[0m" 304 -
2026-07-03 15:01:47,830 [INFO] werkzeug: 127.0.0.1 - - [03/Jul/2026 15:01:47] "GET /api/instance/成都 HTTP/1.1" 200 -
2026-07-03 15:04:10,107 [ERROR] collectors.base: [deadlock] 成都 采集失败: ('42000', '[42000] [Microsoft][ODBC Driver 17 for SQL Server][SQL Server]找不到列 "event_data" 或用户定义的函数或聚合 "event_data.value"，或者名称不明确。 (4121) (SQLExecDirectW)')
2026-07-03 15:04:10,117 [INFO] werkzeug: 127.0.0.1 - - [03/Jul/2026 15:04:10] "POST /api/inspection/run HTTP/1.1" 200 -
2026-07-03 15:05:28,126 [ERROR] collectors.base: [deadlock] 成都 采集失败: ('42000', '[42000] [Microsoft][ODBC Driver 17 for SQL Server][SQL Server]不允许在 GROUP BY 子句中使用 XML 方法。 (4148) (SQLExecDirectW)')
2026-07-03 15:05:28,134 [INFO] werkzeug: 127.0.0.1 - - [03/Jul/2026 15:05:28] "POST /api/inspection/run HTTP/1.1" 200 -
2026-07-03 15:06:12,088 [INFO] apscheduler.executors.default: Running job "阻塞检查 (trigger: interval[0:05:00], next run at: 2026-07-03 15:11:12 CST)" (scheduled at 2026-07-03 15:06:12.085626+08:00)
2026-07-03 15:06:12,089 [INFO] services.inspection: 开始巡检: 成都
2026-07-03 15:06:12,591 [ERROR] apscheduler.executors.default: Job "阻塞检查 (trigger: interval[0:05:00], next run at: 2026-07-03 15:11:12 CST)" raised an exception
Traceback (most recent call last):
  File "D:\工作\数据库管理员DBA\claude_code_DBA\.venv\Lib\site-packages\apscheduler\executors\base.py", line 125, in run_job
    retval = job.func(*job.args, **job.kwargs)
  File "D:\工作\数据库管理员DBA\claude_code_DBA\dba_auto_ops\services\scheduler.py", line 56, in <lambda>
    func=lambda: inspection_service.run_all(categories=["blocking"]),
                 ~~~~~~~~~~~~~~~~~~~~~~~~~~^^^^^^^^^^^^^^^^^^^^^^^^^
  File "D:\工作\数据库管理员DBA\claude_code_DBA\dba_auto_ops\services\inspection.py", line 60, in run_all
    results = self.run_instance(inst.name, categories)
  File "D:\工作\数据库管理员DBA\claude_code_DBA\dba_auto_ops\services\inspection.py", line 46, in run_instance
    result = self.run_single(instance_name, cat)
  File "D:\工作\数据库管理员DBA\claude_code_DBA\dba_auto_ops\services\inspection.py", line 37, in run_single
    self._save_result(result)
    ~~~~~~~~~~~~~~~~~^^^^^^^^
  File "D:\工作\数据库管理员DBA\claude_code_DBA\dba_auto_ops\services\inspection.py", line 96, in _save_result
    db.session.rollback()
    ~~~~~~~~~~~~~~~~~~~^^
  File "D:\工作\数据库管理员DBA\claude_code_DBA\.venv\Lib\site-packages\sqlalchemy\orm\scoping.py", line 1796, in rollback
    return self._proxied.rollback()
           ^^^^^^^^^^^^^
  File "D:\工作\数据库管理员DBA\claude_code_DBA\.venv\Lib\site-packages\sqlalchemy\orm\scoping.py", line 197, in _proxied
    return self.registry()
           ~~~~~~~~~~~~~^^
  File "D:\工作\数据库管理员DBA\claude_code_DBA\.venv\Lib\site-packages\sqlalchemy\util\_collections.py", line 632, in __call__
    key = self.scopefunc()
  File "D:\工作\数据库管理员DBA\claude_code_DBA\.venv\Lib\site-packages\flask_sqlalchemy\session.py", line 111, in _app_ctx_id
    return id(app_ctx._get_current_object())  # type: ignore[attr-defined]
              ~~~~~~~~~~~~~~~~~~~~~~~~~~~^^
  File "D:\工作\数据库管理员DBA\claude_code_DBA\.venv\Lib\site-packages\werkzeug\local.py", line 519, in _get_current_object
    raise RuntimeError(unbound_message) from None
RuntimeError: Working outside of application context.

This typically means that you attempted to use functionality that needed
the current application. To solve this, set up an application context
with app.app_context(). See the documentation for more information.
2026-07-03 15:06:12,757 [INFO] apscheduler.executors.default: Running job "阻塞检查 (trigger: interval[0:05:00], next run at: 2026-07-03 15:11:12 CST)" (scheduled at 2026-07-03 15:06:12.744193+08:00)
2026-07-03 15:06:12,758 [INFO] services.inspection: 开始巡检: 成都
2026-07-03 15:06:12,876 [ERROR] apscheduler.executors.default: Job "阻塞检查 (trigger: interval[0:05:00], next run at: 2026-07-03 15:11:12 CST)" raised an exception
Traceback (most recent call last):
  File "D:\工作\数据库管理员DBA\claude_code_DBA\.venv\Lib\site-packages\apscheduler\executors\base.py", line 125, in run_job
    retval = job.func(*job.args, **job.kwargs)
  File "D:\工作\数据库管理员DBA\claude_code_DBA\dba_auto_ops\services\scheduler.py", line 56, in <lambda>
    func=lambda: inspection_service.run_all(categories=["blocking"]),
                 ~~~~~~~~~~~~~~~~~~~~~~~~~~^^^^^^^^^^^^^^^^^^^^^^^^^
  File "D:\工作\数据库管理员DBA\claude_code_DBA\dba_auto_ops\services\inspection.py", line 60, in run_all
    results = self.run_instance(inst.name, categories)
  File "D:\工作\数据库管理员DBA\claude_code_DBA\dba_auto_ops\services\inspection.py", line 46, in run_instance
    result = self.run_single(instance_name, cat)
  File "D:\工作\数据库管理员DBA\claude_code_DBA\dba_auto_ops\services\inspection.py", line 37, in run_single
    self._save_result(result)
    ~~~~~~~~~~~~~~~~~^^^^^^^^
  File "D:\工作\数据库管理员DBA\claude_code_DBA\dba_auto_ops\services\inspection.py", line 96, in _save_result
    db.session.rollback()
    ~~~~~~~~~~~~~~~~~~~^^
  File "D:\工作\数据库管理员DBA\claude_code_DBA\.venv\Lib\site-packages\sqlalchemy\orm\scoping.py", line 1796, in rollback
    return self._proxied.rollback()
           ^^^^^^^^^^^^^
  File "D:\工作\数据库管理员DBA\claude_code_DBA\.venv\Lib\site-packages\sqlalchemy\orm\scoping.py", line 197, in _proxied
    return self.registry()
           ~~~~~~~~~~~~~^^
  File "D:\工作\数据库管理员DBA\claude_code_DBA\.venv\Lib\site-packages\sqlalchemy\util\_collections.py", line 632, in __call__
    key = self.scopefunc()
  File "D:\工作\数据库管理员DBA\claude_code_DBA\.venv\Lib\site-packages\flask_sqlalchemy\session.py", line 111, in _app_ctx_id
    return id(app_ctx._get_current_object())  # type: ignore[attr-defined]
              ~~~~~~~~~~~~~~~~~~~~~~~~~~~^^
  File "D:\工作\数据库管理员DBA\claude_code_DBA\.venv\Lib\site-packages\werkzeug\local.py", line 519, in _get_current_object
    raise RuntimeError(unbound_message) from None
RuntimeError: Working outside of application context.

This typically means that you attempted to use functionality that needed
the current application. To solve this, set up an application context
with app.app_context(). See the documentation for more information.
2026-07-03 15:08:56,193 [INFO] werkzeug:  * Detected change in 'D:\\工作\\数据库管理员DBA\\claude_code_DBA\\dba_auto_ops\\collectors\\error_log.py', reloading
2026-07-03 15:08:56,611 [INFO] werkzeug:  * Restarting with stat
2026-07-03 15:08:57,420 [INFO] __main__: SQLite 数据库已初始化
2026-07-03 15:08:57,442 [INFO] core.mssql: 已加载 2 个 SQL Server 实例
2026-07-03 15:08:57,636 [INFO] services.inspection: 注册采集器: disk
2026-07-03 15:08:57,637 [INFO] services.inspection: 注册采集器: memory
2026-07-03 15:08:57,637 [INFO] services.inspection: 注册采集器: jobs
2026-07-03 15:08:57,637 [INFO] services.inspection: 注册采集器: backups
2026-07-03 15:08:57,637 [INFO] services.inspection: 注册采集器: db_integrity
2026-07-03 15:08:57,637 [INFO] services.inspection: 注册采集器: blocking
2026-07-03 15:08:57,637 [INFO] services.inspection: 注册采集器: slow_query
2026-07-03 15:08:57,637 [INFO] services.inspection: 注册采集器: index_frag
2026-07-03 15:08:57,637 [INFO] services.inspection: 注册采集器: error_log
2026-07-03 15:08:57,637 [INFO] services.inspection: 注册采集器: wait_stats
2026-07-03 15:08:57,637 [INFO] services.inspection: 注册采集器: deadlock
2026-07-03 15:08:57,637 [INFO] __main__: 所有采集器已注册
2026-07-03 15:08:57,655 [INFO] apscheduler.scheduler: Adding job tentatively -- it will be properly scheduled when the scheduler starts
2026-07-03 15:08:57,655 [INFO] apscheduler.scheduler: Adding job tentatively -- it will be properly scheduled when the scheduler starts
2026-07-03 15:08:57,655 [INFO] apscheduler.scheduler: Adding job tentatively -- it will be properly scheduled when the scheduler starts
2026-07-03 15:08:57,655 [INFO] apscheduler.scheduler: Adding job tentatively -- it will be properly scheduled when the scheduler starts
2026-07-03 15:08:57,656 [INFO] apscheduler.scheduler: Adding job tentatively -- it will be properly scheduled when the scheduler starts
2026-07-03 15:08:57,656 [INFO] apscheduler.scheduler: Adding job tentatively -- it will be properly scheduled when the scheduler starts
2026-07-03 15:08:57,656 [INFO] apscheduler.scheduler: Adding job tentatively -- it will be properly scheduled when the scheduler starts
2026-07-03 15:08:57,656 [INFO] services.scheduler: 所有定时任务已注册
2026-07-03 15:08:57,657 [INFO] apscheduler.scheduler: Added job "磁盘/内存巡检" to job store "default"
2026-07-03 15:08:57,657 [INFO] apscheduler.scheduler: Added job "作业/备份/完整性巡检" to job store "default"
2026-07-03 15:08:57,657 [INFO] apscheduler.scheduler: Added job "阻塞检查" to job store "default"
2026-07-03 15:08:57,657 [INFO] apscheduler.scheduler: Added job "性能快照" to job store "default"
2026-07-03 15:08:57,657 [INFO] apscheduler.scheduler: Added job "索引碎片检查" to job store "default"
2026-07-03 15:08:57,658 [INFO] apscheduler.scheduler: Added job "错误日志扫描" to job store "default"
2026-07-03 15:08:57,658 [INFO] apscheduler.scheduler: Added job "死锁检测" to job store "default"
2026-07-03 15:08:57,658 [INFO] apscheduler.scheduler: Scheduler started
2026-07-03 15:08:57,658 [INFO] services.scheduler: 定时任务调度器已启动
2026-07-03 15:08:57,661 [INFO] __main__: DBA 自动运维平台启动中...
2026-07-03 15:08:57,673 [WARNING] werkzeug:  * Debugger is active!
2026-07-03 15:08:57,681 [INFO] werkzeug:  * Debugger PIN: 197-836-894
2026-07-03 15:09:19,576 [INFO] werkzeug:  * Detected change in 'D:\\工作\\数据库管理员DBA\\claude_code_DBA\\dba_auto_ops\\collectors\\error_log.py', reloading
2026-07-03 15:09:19,813 [INFO] werkzeug:  * Restarting with stat
2026-07-03 15:09:20,310 [INFO] __main__: SQLite 数据库已初始化
2026-07-03 15:09:20,325 [INFO] core.mssql: 已加载 2 个 SQL Server 实例
2026-07-03 15:09:20,412 [INFO] services.inspection: 注册采集器: disk
2026-07-03 15:09:20,413 [INFO] services.inspection: 注册采集器: memory
2026-07-03 15:09:20,413 [INFO] services.inspection: 注册采集器: jobs
2026-07-03 15:09:20,413 [INFO] services.inspection: 注册采集器: backups
2026-07-03 15:09:20,413 [INFO] services.inspection: 注册采集器: db_integrity
2026-07-03 15:09:20,413 [INFO] services.inspection: 注册采集器: blocking
2026-07-03 15:09:20,413 [INFO] services.inspection: 注册采集器: slow_query
2026-07-03 15:09:20,413 [INFO] services.inspection: 注册采集器: index_frag
2026-07-03 15:09:20,413 [INFO] services.inspection: 注册采集器: error_log
2026-07-03 15:09:20,413 [INFO] services.inspection: 注册采集器: wait_stats
2026-07-03 15:09:20,413 [INFO] services.inspection: 注册采集器: deadlock
2026-07-03 15:09:20,413 [INFO] __main__: 所有采集器已注册
2026-07-03 15:09:20,419 [INFO] apscheduler.scheduler: Adding job tentatively -- it will be properly scheduled when the scheduler starts
2026-07-03 15:09:20,419 [INFO] apscheduler.scheduler: Adding job tentatively -- it will be properly scheduled when the scheduler starts
2026-07-03 15:09:20,419 [INFO] apscheduler.scheduler: Adding job tentatively -- it will be properly scheduled when the scheduler starts
2026-07-03 15:09:20,419 [INFO] apscheduler.scheduler: Adding job tentatively -- it will be properly scheduled when the scheduler starts
2026-07-03 15:09:20,419 [INFO] apscheduler.scheduler: Adding job tentatively -- it will be properly scheduled when the scheduler starts
2026-07-03 15:09:20,419 [INFO] apscheduler.scheduler: Adding job tentatively -- it will be properly scheduled when the scheduler starts
2026-07-03 15:09:20,419 [INFO] apscheduler.scheduler: Adding job tentatively -- it will be properly scheduled when the scheduler starts
2026-07-03 15:09:20,419 [INFO] services.scheduler: 所有定时任务已注册
2026-07-03 15:09:20,420 [INFO] apscheduler.scheduler: Added job "磁盘/内存巡检" to job store "default"
2026-07-03 15:09:20,420 [INFO] apscheduler.scheduler: Added job "作业/备份/完整性巡检" to job store "default"
2026-07-03 15:09:20,420 [INFO] apscheduler.scheduler: Added job "阻塞检查" to job store "default"
2026-07-03 15:09:20,420 [INFO] apscheduler.scheduler: Added job "性能快照" to job store "default"
2026-07-03 15:09:20,421 [INFO] apscheduler.scheduler: Added job "索引碎片检查" to job store "default"
2026-07-03 15:09:20,421 [INFO] apscheduler.scheduler: Added job "错误日志扫描" to job store "default"
2026-07-03 15:09:20,421 [INFO] apscheduler.scheduler: Added job "死锁检测" to job store "default"
2026-07-03 15:09:20,421 [INFO] apscheduler.scheduler: Scheduler started
2026-07-03 15:09:20,421 [INFO] services.scheduler: 定时任务调度器已启动
2026-07-03 15:09:20,425 [INFO] __main__: DBA 自动运维平台启动中...
2026-07-03 15:09:20,430 [WARNING] werkzeug:  * Debugger is active!
2026-07-03 15:09:20,435 [INFO] werkzeug:  * Debugger PIN: 197-836-894
2026-07-03 15:09:43,865 [INFO] __main__: SQLite 数据库已初始化
2026-07-03 15:09:43,879 [INFO] core.mssql: 已加载 2 个 SQL Server 实例
2026-07-03 15:09:43,968 [INFO] services.inspection: 注册采集器: disk
2026-07-03 15:09:43,968 [INFO] services.inspection: 注册采集器: memory
2026-07-03 15:09:43,968 [INFO] services.inspection: 注册采集器: jobs
2026-07-03 15:09:43,968 [INFO] services.inspection: 注册采集器: backups
2026-07-03 15:09:43,969 [INFO] services.inspection: 注册采集器: db_integrity
2026-07-03 15:09:43,969 [INFO] services.inspection: 注册采集器: blocking
2026-07-03 15:09:43,969 [INFO] services.inspection: 注册采集器: slow_query
2026-07-03 15:09:43,969 [INFO] services.inspection: 注册采集器: index_frag
2026-07-03 15:09:43,969 [INFO] services.inspection: 注册采集器: error_log
2026-07-03 15:09:43,970 [INFO] services.inspection: 注册采集器: wait_stats
2026-07-03 15:09:43,970 [INFO] services.inspection: 注册采集器: deadlock
2026-07-03 15:09:43,970 [INFO] __main__: 所有采集器已注册
2026-07-03 15:09:43,975 [INFO] apscheduler.scheduler: Adding job tentatively -- it will be properly scheduled when the scheduler starts
2026-07-03 15:09:43,975 [INFO] apscheduler.scheduler: Adding job tentatively -- it will be properly scheduled when the scheduler starts
2026-07-03 15:09:43,975 [INFO] apscheduler.scheduler: Adding job tentatively -- it will be properly scheduled when the scheduler starts
2026-07-03 15:09:43,975 [INFO] apscheduler.scheduler: Adding job tentatively -- it will be properly scheduled when the scheduler starts
2026-07-03 15:09:43,975 [INFO] apscheduler.scheduler: Adding job tentatively -- it will be properly scheduled when the scheduler starts
2026-07-03 15:09:43,976 [INFO] apscheduler.scheduler: Adding job tentatively -- it will be properly scheduled when the scheduler starts
2026-07-03 15:09:43,976 [INFO] apscheduler.scheduler: Adding job tentatively -- it will be properly scheduled when the scheduler starts
2026-07-03 15:09:43,976 [INFO] services.scheduler: 所有定时任务已注册
2026-07-03 15:09:43,977 [INFO] apscheduler.scheduler: Added job "磁盘/内存巡检" to job store "default"
2026-07-03 15:09:43,977 [INFO] apscheduler.scheduler: Added job "作业/备份/完整性巡检" to job store "default"
2026-07-03 15:09:43,977 [INFO] apscheduler.scheduler: Added job "阻塞检查" to job store "default"
2026-07-03 15:09:43,977 [INFO] apscheduler.scheduler: Added job "性能快照" to job store "default"
2026-07-03 15:09:43,977 [INFO] apscheduler.scheduler: Added job "索引碎片检查" to job store "default"
2026-07-03 15:09:43,977 [INFO] apscheduler.scheduler: Added job "错误日志扫描" to job store "default"
2026-07-03 15:09:43,977 [INFO] apscheduler.scheduler: Added job "死锁检测" to job store "default"
2026-07-03 15:09:43,977 [INFO] apscheduler.scheduler: Scheduler started
2026-07-03 15:09:43,978 [INFO] services.scheduler: 定时任务调度器已启动
2026-07-03 15:09:43,981 [INFO] __main__: DBA 自动运维平台启动中...
2026-07-03 15:09:44,002 [INFO] werkzeug: [31m[1mWARNING: This is a development server. Do not use it in a production deployment. Use a production WSGI server instead.[0m
 * Running on all addresses (0.0.0.0)
 * Running on http://127.0.0.1:5000
 * Running on http://10.20.23.146:5000
2026-07-03 15:09:44,002 [INFO] werkzeug: [33mPress CTRL+C to quit[0m
2026-07-03 15:09:44,003 [INFO] werkzeug:  * Restarting with stat
2026-07-03 15:09:44,467 [INFO] __main__: SQLite 数据库已初始化
2026-07-03 15:09:44,481 [INFO] core.mssql: 已加载 2 个 SQL Server 实例
2026-07-03 15:09:44,568 [INFO] services.inspection: 注册采集器: disk
2026-07-03 15:09:44,568 [INFO] services.inspection: 注册采集器: memory
2026-07-03 15:09:44,568 [INFO] services.inspection: 注册采集器: jobs
2026-07-03 15:09:44,568 [INFO] services.inspection: 注册采集器: backups
2026-07-03 15:09:44,568 [INFO] services.inspection: 注册采集器: db_integrity
2026-07-03 15:09:44,568 [INFO] services.inspection: 注册采集器: blocking
2026-07-03 15:09:44,568 [INFO] services.inspection: 注册采集器: slow_query
2026-07-03 15:09:44,568 [INFO] services.inspection: 注册采集器: index_frag
2026-07-03 15:09:44,568 [INFO] services.inspection: 注册采集器: error_log
2026-07-03 15:09:44,568 [INFO] services.inspection: 注册采集器: wait_stats
2026-07-03 15:09:44,568 [INFO] services.inspection: 注册采集器: deadlock
2026-07-03 15:09:44,568 [INFO] __main__: 所有采集器已注册
2026-07-03 15:09:44,573 [INFO] apscheduler.scheduler: Adding job tentatively -- it will be properly scheduled when the scheduler starts
2026-07-03 15:09:44,574 [INFO] apscheduler.scheduler: Adding job tentatively -- it will be properly scheduled when the scheduler starts
2026-07-03 15:09:44,574 [INFO] apscheduler.scheduler: Adding job tentatively -- it will be properly scheduled when the scheduler starts
2026-07-03 15:09:44,574 [INFO] apscheduler.scheduler: Adding job tentatively -- it will be properly scheduled when the scheduler starts
2026-07-03 15:09:44,574 [INFO] apscheduler.scheduler: Adding job tentatively -- it will be properly scheduled when the scheduler starts
2026-07-03 15:09:44,574 [INFO] apscheduler.scheduler: Adding job tentatively -- it will be properly scheduled when the scheduler starts
2026-07-03 15:09:44,574 [INFO] apscheduler.scheduler: Adding job tentatively -- it will be properly scheduled when the scheduler starts
2026-07-03 15:09:44,574 [INFO] services.scheduler: 所有定时任务已注册
2026-07-03 15:09:44,575 [INFO] apscheduler.scheduler: Added job "磁盘/内存巡检" to job store "default"
2026-07-03 15:09:44,575 [INFO] apscheduler.scheduler: Added job "作业/备份/完整性巡检" to job store "default"
2026-07-03 15:09:44,575 [INFO] apscheduler.scheduler: Added job "阻塞检查" to job store "default"
2026-07-03 15:09:44,575 [INFO] apscheduler.scheduler: Added job "性能快照" to job store "default"
2026-07-03 15:09:44,575 [INFO] apscheduler.scheduler: Added job "索引碎片检查" to job store "default"
2026-07-03 15:09:44,575 [INFO] apscheduler.scheduler: Added job "错误日志扫描" to job store "default"
2026-07-03 15:09:44,575 [INFO] apscheduler.scheduler: Added job "死锁检测" to job store "default"
2026-07-03 15:09:44,575 [INFO] apscheduler.scheduler: Scheduler started
2026-07-03 15:09:44,576 [INFO] services.scheduler: 定时任务调度器已启动
2026-07-03 15:09:44,579 [INFO] __main__: DBA 自动运维平台启动中...
2026-07-03 15:09:44,585 [WARNING] werkzeug:  * Debugger is active!
2026-07-03 15:09:44,589 [INFO] werkzeug:  * Debugger PIN: 197-836-894
2026-07-03 15:09:49,347 [INFO] werkzeug: 127.0.0.1 - - [03/Jul/2026 15:09:49] "GET / HTTP/1.1" 200 -
2026-07-03 15:10:03,083 [ERROR] collectors.base: [error_log] 成都 采集失败: ('42000', "[42000] [Microsoft][ODBC Driver 17 for SQL Server][SQL Server]拒绝了对对象 'xp_readerrorlog' (数据库 'mssqlsystemresource'，架构 'sys')的 EXECUTE 权限。 (229) (SQLExecDirectW)")
2026-07-03 15:10:03,272 [INFO] werkzeug: 127.0.0.1 - - [03/Jul/2026 15:10:03] "POST /api/inspection/run HTTP/1.1" 200 -
2026-07-03 15:10:28,252 [INFO] werkzeug:  * Detected change in 'D:\\工作\\数据库管理员DBA\\claude_code_DBA\\dba_auto_ops\\collectors\\deadlock.py', reloading
2026-07-03 15:10:28,359 [INFO] werkzeug:  * Restarting with stat
2026-07-03 15:10:28,863 [INFO] __main__: SQLite 数据库已初始化
2026-07-03 15:10:28,878 [INFO] core.mssql: 已加载 2 个 SQL Server 实例
2026-07-03 15:10:28,964 [INFO] services.inspection: 注册采集器: disk
2026-07-03 15:10:28,964 [INFO] services.inspection: 注册采集器: memory
2026-07-03 15:10:28,964 [INFO] services.inspection: 注册采集器: jobs
2026-07-03 15:10:28,964 [INFO] services.inspection: 注册采集器: backups
2026-07-03 15:10:28,964 [INFO] services.inspection: 注册采集器: db_integrity
2026-07-03 15:10:28,964 [INFO] services.inspection: 注册采集器: blocking
2026-07-03 15:10:28,964 [INFO] services.inspection: 注册采集器: slow_query
2026-07-03 15:10:28,964 [INFO] services.inspection: 注册采集器: index_frag
2026-07-03 15:10:28,964 [INFO] services.inspection: 注册采集器: error_log
2026-07-03 15:10:28,964 [INFO] services.inspection: 注册采集器: wait_stats
2026-07-03 15:10:28,964 [INFO] services.inspection: 注册采集器: deadlock
2026-07-03 15:10:28,964 [INFO] __main__: 所有采集器已注册
2026-07-03 15:10:28,970 [INFO] apscheduler.scheduler: Adding job tentatively -- it will be properly scheduled when the scheduler starts
2026-07-03 15:10:28,970 [INFO] apscheduler.scheduler: Adding job tentatively -- it will be properly scheduled when the scheduler starts
2026-07-03 15:10:28,970 [INFO] apscheduler.scheduler: Adding job tentatively -- it will be properly scheduled when the scheduler starts
2026-07-03 15:10:28,970 [INFO] apscheduler.scheduler: Adding job tentatively -- it will be properly scheduled when the scheduler starts
2026-07-03 15:10:28,970 [INFO] apscheduler.scheduler: Adding job tentatively -- it will be properly scheduled when the scheduler starts
2026-07-03 15:10:28,970 [INFO] apscheduler.scheduler: Adding job tentatively -- it will be properly scheduled when the scheduler starts
2026-07-03 15:10:28,970 [INFO] apscheduler.scheduler: Adding job tentatively -- it will be properly scheduled when the scheduler starts
2026-07-03 15:10:28,970 [INFO] services.scheduler: 所有定时任务已注册
2026-07-03 15:10:28,971 [INFO] apscheduler.scheduler: Added job "磁盘/内存巡检" to job store "default"
2026-07-03 15:10:28,971 [INFO] apscheduler.scheduler: Added job "作业/备份/完整性巡检" to job store "default"
2026-07-03 15:10:28,971 [INFO] apscheduler.scheduler: Added job "阻塞检查" to job store "default"
2026-07-03 15:10:28,971 [INFO] apscheduler.scheduler: Added job "性能快照" to job store "default"
2026-07-03 15:10:28,971 [INFO] apscheduler.scheduler: Added job "索引碎片检查" to job store "default"
2026-07-03 15:10:28,971 [INFO] apscheduler.scheduler: Added job "错误日志扫描" to job store "default"
2026-07-03 15:10:28,972 [INFO] apscheduler.scheduler: Added job "死锁检测" to job store "default"
2026-07-03 15:10:28,972 [INFO] apscheduler.scheduler: Scheduler started
2026-07-03 15:10:28,972 [INFO] services.scheduler: 定时任务调度器已启动
2026-07-03 15:10:28,976 [INFO] __main__: DBA 自动运维平台启动中...
2026-07-03 15:10:28,981 [WARNING] werkzeug:  * Debugger is active!
2026-07-03 15:10:28,986 [INFO] werkzeug:  * Debugger PIN: 197-836-894
2026-07-03 15:10:42,208 [INFO] werkzeug:  * Detected change in 'D:\\工作\\数据库管理员DBA\\claude_code_DBA\\dba_auto_ops\\collectors\\deadlock.py', reloading
2026-07-03 15:10:42,306 [INFO] werkzeug:  * Restarting with stat
2026-07-03 15:10:42,925 [INFO] __main__: SQLite 数据库已初始化
2026-07-03 15:10:42,939 [INFO] core.mssql: 已加载 2 个 SQL Server 实例
2026-07-03 15:10:43,026 [INFO] services.inspection: 注册采集器: disk
2026-07-03 15:10:43,026 [INFO] services.inspection: 注册采集器: memory
2026-07-03 15:10:43,026 [INFO] services.inspection: 注册采集器: jobs
2026-07-03 15:10:43,026 [INFO] services.inspection: 注册采集器: backups
2026-07-03 15:10:43,026 [INFO] services.inspection: 注册采集器: db_integrity
2026-07-03 15:10:43,026 [INFO] services.inspection: 注册采集器: blocking
2026-07-03 15:10:43,026 [INFO] services.inspection: 注册采集器: slow_query
2026-07-03 15:10:43,026 [INFO] services.inspection: 注册采集器: index_frag
2026-07-03 15:10:43,026 [INFO] services.inspection: 注册采集器: error_log
2026-07-03 15:10:43,026 [INFO] services.inspection: 注册采集器: wait_stats
2026-07-03 15:10:43,026 [INFO] services.inspection: 注册采集器: deadlock
2026-07-03 15:10:43,026 [INFO] __main__: 所有采集器已注册
2026-07-03 15:10:43,032 [INFO] apscheduler.scheduler: Adding job tentatively -- it will be properly scheduled when the scheduler starts
2026-07-03 15:10:43,032 [INFO] apscheduler.scheduler: Adding job tentatively -- it will be properly scheduled when the scheduler starts
2026-07-03 15:10:43,032 [INFO] apscheduler.scheduler: Adding job tentatively -- it will be properly scheduled when the scheduler starts
2026-07-03 15:10:43,032 [INFO] apscheduler.scheduler: Adding job tentatively -- it will be properly scheduled when the scheduler starts
2026-07-03 15:10:43,033 [INFO] apscheduler.scheduler: Adding job tentatively -- it will be properly scheduled when the scheduler starts
2026-07-03 15:10:43,033 [INFO] apscheduler.scheduler: Adding job tentatively -- it will be properly scheduled when the scheduler starts
2026-07-03 15:10:43,033 [INFO] apscheduler.scheduler: Adding job tentatively -- it will be properly scheduled when the scheduler starts
2026-07-03 15:10:43,033 [INFO] services.scheduler: 所有定时任务已注册
2026-07-03 15:10:43,034 [INFO] apscheduler.scheduler: Added job "磁盘/内存巡检" to job store "default"
2026-07-03 15:10:43,034 [INFO] apscheduler.scheduler: Added job "作业/备份/完整性巡检" to job store "default"
2026-07-03 15:10:43,034 [INFO] apscheduler.scheduler: Added job "阻塞检查" to job store "default"
2026-07-03 15:10:43,034 [INFO] apscheduler.scheduler: Added job "性能快照" to job store "default"
2026-07-03 15:10:43,034 [INFO] apscheduler.scheduler: Added job "索引碎片检查" to job store "default"
2026-07-03 15:10:43,034 [INFO] apscheduler.scheduler: Added job "错误日志扫描" to job store "default"
2026-07-03 15:10:43,034 [INFO] apscheduler.scheduler: Added job "死锁检测" to job store "default"
2026-07-03 15:10:43,034 [INFO] apscheduler.scheduler: Scheduler started
2026-07-03 15:10:43,035 [INFO] services.scheduler: 定时任务调度器已启动
2026-07-03 15:10:43,040 [INFO] __main__: DBA 自动运维平台启动中...
2026-07-03 15:10:43,046 [WARNING] werkzeug:  * Debugger is active!
2026-07-03 15:10:43,050 [INFO] werkzeug:  * Debugger PIN: 197-836-894
2026-07-03 15:10:53,299 [INFO] __main__: SQLite 数据库已初始化
2026-07-03 15:10:53,315 [INFO] core.mssql: 已加载 2 个 SQL Server 实例
2026-07-03 15:10:53,401 [INFO] services.inspection: 注册采集器: disk
2026-07-03 15:10:53,401 [INFO] services.inspection: 注册采集器: memory
2026-07-03 15:10:53,402 [INFO] services.inspection: 注册采集器: jobs
2026-07-03 15:10:53,402 [INFO] services.inspection: 注册采集器: backups
2026-07-03 15:10:53,402 [INFO] services.inspection: 注册采集器: db_integrity
2026-07-03 15:10:53,402 [INFO] services.inspection: 注册采集器: blocking
2026-07-03 15:10:53,405 [INFO] services.inspection: 注册采集器: slow_query
2026-07-03 15:10:53,405 [INFO] services.inspection: 注册采集器: index_frag
2026-07-03 15:10:53,405 [INFO] services.inspection: 注册采集器: error_log
2026-07-03 15:10:53,405 [INFO] services.inspection: 注册采集器: wait_stats
2026-07-03 15:10:53,405 [INFO] services.inspection: 注册采集器: deadlock
2026-07-03 15:10:53,405 [INFO] __main__: 所有采集器已注册
2026-07-03 15:10:53,411 [INFO] apscheduler.scheduler: Adding job tentatively -- it will be properly scheduled when the scheduler starts
2026-07-03 15:10:53,412 [INFO] apscheduler.scheduler: Adding job tentatively -- it will be properly scheduled when the scheduler starts
2026-07-03 15:10:53,412 [INFO] apscheduler.scheduler: Adding job tentatively -- it will be properly scheduled when the scheduler starts
2026-07-03 15:10:53,412 [INFO] apscheduler.scheduler: Adding job tentatively -- it will be properly scheduled when the scheduler starts
2026-07-03 15:10:53,412 [INFO] apscheduler.scheduler: Adding job tentatively -- it will be properly scheduled when the scheduler starts
2026-07-03 15:10:53,412 [INFO] apscheduler.scheduler: Adding job tentatively -- it will be properly scheduled when the scheduler starts
2026-07-03 15:10:53,412 [INFO] apscheduler.scheduler: Adding job tentatively -- it will be properly scheduled when the scheduler starts
2026-07-03 15:10:53,412 [INFO] services.scheduler: 所有定时任务已注册
2026-07-03 15:10:53,413 [INFO] apscheduler.scheduler: Added job "磁盘/内存巡检" to job store "default"
2026-07-03 15:10:53,413 [INFO] apscheduler.scheduler: Added job "作业/备份/完整性巡检" to job store "default"
2026-07-03 15:10:53,413 [INFO] apscheduler.scheduler: Added job "阻塞检查" to job store "default"
2026-07-03 15:10:53,413 [INFO] apscheduler.scheduler: Added job "性能快照" to job store "default"
2026-07-03 15:10:53,413 [INFO] apscheduler.scheduler: Added job "索引碎片检查" to job store "default"
2026-07-03 15:10:53,413 [INFO] apscheduler.scheduler: Added job "错误日志扫描" to job store "default"
2026-07-03 15:10:53,413 [INFO] apscheduler.scheduler: Added job "死锁检测" to job store "default"
2026-07-03 15:10:53,413 [INFO] apscheduler.scheduler: Scheduler started
2026-07-03 15:10:53,414 [INFO] services.scheduler: 定时任务调度器已启动
2026-07-03 15:10:53,417 [INFO] __main__: DBA 自动运维平台启动中...
2026-07-03 15:10:53,434 [INFO] werkzeug: [31m[1mWARNING: This is a development server. Do not use it in a production deployment. Use a production WSGI server instead.[0m
 * Running on all addresses (0.0.0.0)
 * Running on http://127.0.0.1:5000
 * Running on http://10.20.23.146:5000
2026-07-03 15:10:53,434 [INFO] werkzeug: [33mPress CTRL+C to quit[0m
2026-07-03 15:10:53,436 [INFO] werkzeug:  * Restarting with stat
2026-07-03 15:10:53,932 [INFO] __main__: SQLite 数据库已初始化
2026-07-03 15:10:53,948 [INFO] core.mssql: 已加载 2 个 SQL Server 实例
2026-07-03 15:10:54,033 [INFO] services.inspection: 注册采集器: disk
2026-07-03 15:10:54,034 [INFO] services.inspection: 注册采集器: memory
2026-07-03 15:10:54,034 [INFO] services.inspection: 注册采集器: jobs
2026-07-03 15:10:54,034 [INFO] services.inspection: 注册采集器: backups
2026-07-03 15:10:54,034 [INFO] services.inspection: 注册采集器: db_integrity
2026-07-03 15:10:54,034 [INFO] services.inspection: 注册采集器: blocking
2026-07-03 15:10:54,034 [INFO] services.inspection: 注册采集器: slow_query
2026-07-03 15:10:54,034 [INFO] services.inspection: 注册采集器: index_frag
2026-07-03 15:10:54,034 [INFO] services.inspection: 注册采集器: error_log
2026-07-03 15:10:54,034 [INFO] services.inspection: 注册采集器: wait_stats
2026-07-03 15:10:54,034 [INFO] services.inspection: 注册采集器: deadlock
2026-07-03 15:10:54,034 [INFO] __main__: 所有采集器已注册
2026-07-03 15:10:54,039 [INFO] apscheduler.scheduler: Adding job tentatively -- it will be properly scheduled when the scheduler starts
2026-07-03 15:10:54,039 [INFO] apscheduler.scheduler: Adding job tentatively -- it will be properly scheduled when the scheduler starts
2026-07-03 15:10:54,039 [INFO] apscheduler.scheduler: Adding job tentatively -- it will be properly scheduled when the scheduler starts
2026-07-03 15:10:54,039 [INFO] apscheduler.scheduler: Adding job tentatively -- it will be properly scheduled when the scheduler starts
2026-07-03 15:10:54,040 [INFO] apscheduler.scheduler: Adding job tentatively -- it will be properly scheduled when the scheduler starts
2026-07-03 15:10:54,040 [INFO] apscheduler.scheduler: Adding job tentatively -- it will be properly scheduled when the scheduler starts
2026-07-03 15:10:54,040 [INFO] apscheduler.scheduler: Adding job tentatively -- it will be properly scheduled when the scheduler starts
2026-07-03 15:10:54,040 [INFO] services.scheduler: 所有定时任务已注册
2026-07-03 15:10:54,040 [INFO] apscheduler.scheduler: Added job "磁盘/内存巡检" to job store "default"
2026-07-03 15:10:54,041 [INFO] apscheduler.scheduler: Added job "作业/备份/完整性巡检" to job store "default"
2026-07-03 15:10:54,041 [INFO] apscheduler.scheduler: Added job "阻塞检查" to job store "default"
2026-07-03 15:10:54,041 [INFO] apscheduler.scheduler: Added job "性能快照" to job store "default"
2026-07-03 15:10:54,041 [INFO] apscheduler.scheduler: Added job "索引碎片检查" to job store "default"
2026-07-03 15:10:54,041 [INFO] apscheduler.scheduler: Added job "错误日志扫描" to job store "default"
2026-07-03 15:10:54,041 [INFO] apscheduler.scheduler: Added job "死锁检测" to job store "default"
2026-07-03 15:10:54,041 [INFO] apscheduler.scheduler: Scheduler started
2026-07-03 15:10:54,041 [INFO] services.scheduler: 定时任务调度器已启动
2026-07-03 15:10:54,045 [INFO] __main__: DBA 自动运维平台启动中...
2026-07-03 15:10:54,051 [WARNING] werkzeug:  * Debugger is active!
2026-07-03 15:10:54,056 [INFO] werkzeug:  * Debugger PIN: 197-836-894
2026-07-03 15:11:01,626 [INFO] werkzeug: 127.0.0.1 - - [03/Jul/2026 15:11:01] "GET /api/instances HTTP/1.1" 200 -
2026-07-03 15:11:09,850 [ERROR] collectors.base: [error_log] 成都 采集失败: ('42000', "[42000] [Microsoft][ODBC Driver 17 for SQL Server][SQL Server]拒绝了对对象 'xp_readerrorlog' (数据库 'mssqlsystemresource'，架构 'sys')的 EXECUTE 权限。 (229) (SQLExecDirectW)")
2026-07-03 15:11:10,064 [INFO] werkzeug: 127.0.0.1 - - [03/Jul/2026 15:11:10] "POST /api/inspection/run HTTP/1.1" 200 -
2026-07-03 15:12:05,123 [INFO] werkzeug: 127.0.0.1 - - [03/Jul/2026 15:12:05] "[31m[1mGET /api/inspection/run HTTP/1.1[0m" 405 -
2026-07-03 15:12:15,214 [INFO] werkzeug: 127.0.0.1 - - [03/Jul/2026 15:12:15] "GET / HTTP/1.1" 200 -
2026-07-03 15:12:15,309 [INFO] werkzeug: 127.0.0.1 - - [03/Jul/2026 15:12:15] "[36mGET /static/css/style.css HTTP/1.1[0m" 304 -
2026-07-03 15:12:15,579 [INFO] werkzeug: 127.0.0.1 - - [03/Jul/2026 15:12:15] "[36mGET /static/js/dashboard.js HTTP/1.1[0m" 304 -
2026-07-03 15:12:15,908 [INFO] werkzeug: 127.0.0.1 - - [03/Jul/2026 15:12:15] "GET /api/dashboard HTTP/1.1" 200 -
2026-07-03 15:12:21,008 [INFO] werkzeug: 127.0.0.1 - - [03/Jul/2026 15:12:21] "GET /instance/成都 HTTP/1.1" 200 -
2026-07-03 15:12:21,306 [INFO] werkzeug: 127.0.0.1 - - [03/Jul/2026 15:12:21] "[36mGET /static/css/style.css HTTP/1.1[0m" 304 -
2026-07-03 15:12:21,369 [INFO] werkzeug: 127.0.0.1 - - [03/Jul/2026 15:12:21] "[36mGET /static/js/dashboard.js HTTP/1.1[0m" 304 -
2026-07-03 15:12:21,706 [INFO] werkzeug: 127.0.0.1 - - [03/Jul/2026 15:12:21] "GET /api/instance/成都 HTTP/1.1" 200 -
2026-07-03 15:15:53,427 [INFO] apscheduler.executors.default: Running job "阻塞检查 (trigger: interval[0:05:00], next run at: 2026-07-03 15:20:53 CST)" (scheduled at 2026-07-03 15:15:53.412128+08:00)
2026-07-03 15:15:53,429 [INFO] services.inspection: 开始巡检: 成都
2026-07-03 15:15:54,048 [INFO] apscheduler.executors.default: Running job "阻塞检查 (trigger: interval[0:05:00], next run at: 2026-07-03 15:20:54 CST)" (scheduled at 2026-07-03 15:15:54.039780+08:00)
2026-07-03 15:15:54,049 [INFO] services.inspection: 开始巡检: 成都
2026-07-03 15:15:54,542 [ERROR] apscheduler.executors.default: Job "阻塞检查 (trigger: interval[0:05:00], next run at: 2026-07-03 15:20:53 CST)" raised an exception
Traceback (most recent call last):
  File "D:\工作\数据库管理员DBA\claude_code_DBA\.venv\Lib\site-packages\apscheduler\executors\base.py", line 125, in run_job
    retval = job.func(*job.args, **job.kwargs)
  File "D:\工作\数据库管理员DBA\claude_code_DBA\dba_auto_ops\services\scheduler.py", line 56, in <lambda>
    func=lambda: inspection_service.run_all(categories=["blocking"]),
                 ~~~~~~~~~~~~~~~~~~~~~~~~~~^^^^^^^^^^^^^^^^^^^^^^^^^
  File "D:\工作\数据库管理员DBA\claude_code_DBA\dba_auto_ops\services\inspection.py", line 60, in run_all
    results = self.run_instance(inst.name, categories)
  File "D:\工作\数据库管理员DBA\claude_code_DBA\dba_auto_ops\services\inspection.py", line 46, in run_instance
    result = self.run_single(instance_name, cat)
  File "D:\工作\数据库管理员DBA\claude_code_DBA\dba_auto_ops\services\inspection.py", line 37, in run_single
    self._save_result(result)
    ~~~~~~~~~~~~~~~~~^^^^^^^^
  File "D:\工作\数据库管理员DBA\claude_code_DBA\dba_auto_ops\services\inspection.py", line 96, in _save_result
    db.session.rollback()
    ~~~~~~~~~~~~~~~~~~~^^
  File "D:\工作\数据库管理员DBA\claude_code_DBA\.venv\Lib\site-packages\sqlalchemy\orm\scoping.py", line 1796, in rollback
    return self._proxied.rollback()
           ^^^^^^^^^^^^^
  File "D:\工作\数据库管理员DBA\claude_code_DBA\.venv\Lib\site-packages\sqlalchemy\orm\scoping.py", line 197, in _proxied
    return self.registry()
           ~~~~~~~~~~~~~^^
  File "D:\工作\数据库管理员DBA\claude_code_DBA\.venv\Lib\site-packages\sqlalchemy\util\_collections.py", line 632, in __call__
    key = self.scopefunc()
  File "D:\工作\数据库管理员DBA\claude_code_DBA\.venv\Lib\site-packages\flask_sqlalchemy\session.py", line 111, in _app_ctx_id
    return id(app_ctx._get_current_object())  # type: ignore[attr-defined]
              ~~~~~~~~~~~~~~~~~~~~~~~~~~~^^
  File "D:\工作\数据库管理员DBA\claude_code_DBA\.venv\Lib\site-packages\werkzeug\local.py", line 519, in _get_current_object
    raise RuntimeError(unbound_message) from None
RuntimeError: Working outside of application context.

This typically means that you attempted to use functionality that needed
the current application. To solve this, set up an application context
with app.app_context(). See the documentation for more information.
2026-07-03 15:15:54,685 [ERROR] apscheduler.executors.default: Job "阻塞检查 (trigger: interval[0:05:00], next run at: 2026-07-03 15:20:54 CST)" raised an exception
Traceback (most recent call last):
  File "D:\工作\数据库管理员DBA\claude_code_DBA\.venv\Lib\site-packages\apscheduler\executors\base.py", line 125, in run_job
    retval = job.func(*job.args, **job.kwargs)
  File "D:\工作\数据库管理员DBA\claude_code_DBA\dba_auto_ops\services\scheduler.py", line 56, in <lambda>
    func=lambda: inspection_service.run_all(categories=["blocking"]),
                 ~~~~~~~~~~~~~~~~~~~~~~~~~~^^^^^^^^^^^^^^^^^^^^^^^^^
  File "D:\工作\数据库管理员DBA\claude_code_DBA\dba_auto_ops\services\inspection.py", line 60, in run_all
    results = self.run_instance(inst.name, categories)
  File "D:\工作\数据库管理员DBA\claude_code_DBA\dba_auto_ops\services\inspection.py", line 46, in run_instance
    result = self.run_single(instance_name, cat)
  File "D:\工作\数据库管理员DBA\claude_code_DBA\dba_auto_ops\services\inspection.py", line 37, in run_single
    self._save_result(result)
    ~~~~~~~~~~~~~~~~~^^^^^^^^
  File "D:\工作\数据库管理员DBA\claude_code_DBA\dba_auto_ops\services\inspection.py", line 96, in _save_result
    db.session.rollback()
    ~~~~~~~~~~~~~~~~~~~^^
  File "D:\工作\数据库管理员DBA\claude_code_DBA\.venv\Lib\site-packages\sqlalchemy\orm\scoping.py", line 1796, in rollback
    return self._proxied.rollback()
           ^^^^^^^^^^^^^
  File "D:\工作\数据库管理员DBA\claude_code_DBA\.venv\Lib\site-packages\sqlalchemy\orm\scoping.py", line 197, in _proxied
    return self.registry()
           ~~~~~~~~~~~~~^^
  File "D:\工作\数据库管理员DBA\claude_code_DBA\.venv\Lib\site-packages\sqlalchemy\util\_collections.py", line 632, in __call__
    key = self.scopefunc()
  File "D:\工作\数据库管理员DBA\claude_code_DBA\.venv\Lib\site-packages\flask_sqlalchemy\session.py", line 111, in _app_ctx_id
    return id(app_ctx._get_current_object())  # type: ignore[attr-defined]
              ~~~~~~~~~~~~~~~~~~~~~~~~~~~^^
  File "D:\工作\数据库管理员DBA\claude_code_DBA\.venv\Lib\site-packages\werkzeug\local.py", line 519, in _get_current_object
    raise RuntimeError(unbound_message) from None
RuntimeError: Working outside of application context.

This typically means that you attempted to use functionality that needed
the current application. To solve this, set up an application context
with app.app_context(). See the documentation for more information.
2026-07-03 15:16:52,991 [INFO] werkzeug: 127.0.0.1 - - [03/Jul/2026 15:16:52] "GET / HTTP/1.1" 200 -
2026-07-03 15:16:53,086 [INFO] werkzeug: 127.0.0.1 - - [03/Jul/2026 15:16:53] "[36mGET /static/css/style.css HTTP/1.1[0m" 304 -
2026-07-03 15:16:53,255 [INFO] werkzeug: 127.0.0.1 - - [03/Jul/2026 15:16:53] "[36mGET /static/js/dashboard.js HTTP/1.1[0m" 304 -
2026-07-03 15:16:53,337 [INFO] werkzeug: 127.0.0.1 - - [03/Jul/2026 15:16:53] "GET /api/dashboard HTTP/1.1" 200 -
2026-07-03 15:19:19,045 [INFO] werkzeug:  * Detected change in 'D:\\工作\\数据库管理员DBA\\claude_code_DBA\\dba_auto_ops\\app.py', reloading
2026-07-03 15:19:19,157 [INFO] werkzeug:  * Restarting with stat
2026-07-03 15:19:19,672 [INFO] __main__: SQLite 数据库已初始化
2026-07-03 15:19:19,688 [INFO] core.mssql: 已加载 2 个 SQL Server 实例
2026-07-03 15:19:19,693 [INFO] services.inspection: 注册采集器: disk
2026-07-03 15:19:19,693 [INFO] services.inspection: 注册采集器: memory
2026-07-03 15:19:19,693 [INFO] services.inspection: 注册采集器: jobs
2026-07-03 15:19:19,693 [INFO] services.inspection: 注册采集器: backups
2026-07-03 15:19:19,693 [INFO] services.inspection: 注册采集器: db_integrity
2026-07-03 15:19:19,694 [INFO] services.inspection: 注册采集器: blocking
2026-07-03 15:19:19,694 [INFO] services.inspection: 注册采集器: slow_query
2026-07-03 15:19:19,694 [INFO] services.inspection: 注册采集器: index_frag
2026-07-03 15:19:19,694 [INFO] services.inspection: 注册采集器: error_log
2026-07-03 15:19:19,694 [INFO] services.inspection: 注册采集器: wait_stats
2026-07-03 15:19:19,694 [INFO] services.inspection: 注册采集器: deadlock
2026-07-03 15:19:19,694 [INFO] __main__: 所有采集器已注册
2026-07-03 15:19:54,771 [INFO] __main__: SQLite 数据库已初始化
2026-07-03 15:19:54,788 [INFO] core.mssql: 已加载 2 个 SQL Server 实例
2026-07-03 15:19:54,794 [INFO] services.inspection: 注册采集器: disk
2026-07-03 15:19:54,794 [INFO] services.inspection: 注册采集器: memory
2026-07-03 15:19:54,794 [INFO] services.inspection: 注册采集器: jobs
2026-07-03 15:19:54,794 [INFO] services.inspection: 注册采集器: backups
2026-07-03 15:19:54,794 [INFO] services.inspection: 注册采集器: db_integrity
2026-07-03 15:19:54,794 [INFO] services.inspection: 注册采集器: blocking
2026-07-03 15:19:54,795 [INFO] services.inspection: 注册采集器: slow_query
2026-07-03 15:19:54,795 [INFO] services.inspection: 注册采集器: index_frag
2026-07-03 15:19:54,795 [INFO] services.inspection: 注册采集器: error_log
2026-07-03 15:19:54,796 [INFO] services.inspection: 注册采集器: wait_stats
2026-07-03 15:19:54,796 [INFO] services.inspection: 注册采集器: deadlock
2026-07-03 15:19:54,796 [INFO] __main__: 所有采集器已注册
2026-07-03 15:19:54,801 [INFO] __main__: DBA 自动运维平台启动中...
2026-07-03 15:19:54,829 [INFO] werkzeug: [31m[1mWARNING: This is a development server. Do not use it in a production deployment. Use a production WSGI server instead.[0m
 * Running on all addresses (0.0.0.0)
 * Running on http://127.0.0.1:5000
 * Running on http://10.20.23.146:5000
2026-07-03 15:19:54,829 [INFO] werkzeug: [33mPress CTRL+C to quit[0m
2026-07-03 15:19:54,830 [INFO] werkzeug:  * Restarting with stat
2026-07-03 15:19:55,338 [INFO] __main__: SQLite 数据库已初始化
2026-07-03 15:19:55,353 [INFO] core.mssql: 已加载 2 个 SQL Server 实例
2026-07-03 15:19:55,358 [INFO] services.inspection: 注册采集器: disk
2026-07-03 15:19:55,359 [INFO] services.inspection: 注册采集器: memory
2026-07-03 15:19:55,359 [INFO] services.inspection: 注册采集器: jobs
2026-07-03 15:19:55,359 [INFO] services.inspection: 注册采集器: backups
2026-07-03 15:19:55,359 [INFO] services.inspection: 注册采集器: db_integrity
2026-07-03 15:19:55,359 [INFO] services.inspection: 注册采集器: blocking
2026-07-03 15:19:55,359 [INFO] services.inspection: 注册采集器: slow_query
2026-07-03 15:19:55,359 [INFO] services.inspection: 注册采集器: index_frag
2026-07-03 15:19:55,359 [INFO] services.inspection: 注册采集器: error_log
2026-07-03 15:19:55,359 [INFO] services.inspection: 注册采集器: wait_stats
2026-07-03 15:19:55,359 [INFO] services.inspection: 注册采集器: deadlock
2026-07-03 15:19:55,359 [INFO] __main__: 所有采集器已注册
2026-07-03 15:19:55,363 [INFO] __main__: DBA 自动运维平台启动中...
2026-07-03 15:19:55,373 [WARNING] werkzeug:  * Debugger is active!
2026-07-03 15:19:55,377 [INFO] werkzeug:  * Debugger PIN: 197-836-894
2026-07-03 15:20:00,905 [INFO] werkzeug: 127.0.0.1 - - [03/Jul/2026 15:20:00] "GET /api/jobs HTTP/1.1" 200 -
2026-07-03 15:20:59,454 [INFO] werkzeug: 127.0.0.1 - - [03/Jul/2026 15:20:59] "POST /api/alerts/11/resolve HTTP/1.1" 200 -
2026-07-03 15:20:59,703 [INFO] werkzeug: 127.0.0.1 - - [03/Jul/2026 15:20:59] "GET /api/dashboard HTTP/1.1" 200 -
2026-07-03 15:21:16,806 [INFO] werkzeug: 127.0.0.1 - - [03/Jul/2026 15:21:16] "GET /inspection HTTP/1.1" 200 -
2026-07-03 15:21:16,971 [INFO] werkzeug: 127.0.0.1 - - [03/Jul/2026 15:21:16] "[36mGET /static/css/style.css HTTP/1.1[0m" 304 -
2026-07-03 15:21:17,061 [INFO] werkzeug: 127.0.0.1 - - [03/Jul/2026 15:21:17] "[36mGET /static/js/dashboard.js HTTP/1.1[0m" 304 -
2026-07-03 15:21:17,170 [INFO] werkzeug: 127.0.0.1 - - [03/Jul/2026 15:21:17] "GET /api/instances HTTP/1.1" 200 -
2026-07-03 15:21:17,374 [INFO] werkzeug: 127.0.0.1 - - [03/Jul/2026 15:21:17] "GET /api/inspection HTTP/1.1" 200 -
2026-07-03 15:21:35,368 [INFO] werkzeug: 127.0.0.1 - - [03/Jul/2026 15:21:35] "GET /performance HTTP/1.1" 200 -
2026-07-03 15:21:35,668 [INFO] werkzeug: 127.0.0.1 - - [03/Jul/2026 15:21:35] "[36mGET /static/css/style.css HTTP/1.1[0m" 304 -
2026-07-03 15:21:35,714 [INFO] werkzeug: 127.0.0.1 - - [03/Jul/2026 15:21:35] "[36mGET /static/js/dashboard.js HTTP/1.1[0m" 304 -
2026-07-03 15:21:36,028 [INFO] werkzeug: 127.0.0.1 - - [03/Jul/2026 15:21:36] "GET /api/instances HTTP/1.1" 200 -
2026-07-03 15:21:46,623 [INFO] werkzeug: 127.0.0.1 - - [03/Jul/2026 15:21:46] "GET /api/inspection?instance=成都&category=wait_stats HTTP/1.1" 200 -
2026-07-03 15:21:48,147 [INFO] werkzeug: 127.0.0.1 - - [03/Jul/2026 15:21:48] "GET /api/inspection?instance=成都&category=wait_stats HTTP/1.1" 200 -
2026-07-03 15:22:01,331 [INFO] werkzeug: 127.0.0.1 - - [03/Jul/2026 15:22:01] "GET /api/inspection?instance=成都&category=slow_query HTTP/1.1" 200 -
2026-07-03 15:22:18,349 [INFO] werkzeug: 127.0.0.1 - - [03/Jul/2026 15:22:18] "GET /api/inspection?instance=成都&category=index_frag HTTP/1.1" 200 -
2026-07-03 15:22:29,372 [INFO] werkzeug: 127.0.0.1 - - [03/Jul/2026 15:22:29] "GET /api/inspection?instance=成都&category=index_frag HTTP/1.1" 200 -
2026-07-03 15:22:38,509 [INFO] werkzeug: 127.0.0.1 - - [03/Jul/2026 15:22:38] "GET /inspection HTTP/1.1" 200 -
2026-07-03 15:22:38,604 [INFO] werkzeug: 127.0.0.1 - - [03/Jul/2026 15:22:38] "[36mGET /static/css/style.css HTTP/1.1[0m" 304 -
2026-07-03 15:22:38,775 [INFO] werkzeug: 127.0.0.1 - - [03/Jul/2026 15:22:38] "[36mGET /static/js/dashboard.js HTTP/1.1[0m" 304 -
2026-07-03 15:22:38,852 [INFO] werkzeug: 127.0.0.1 - - [03/Jul/2026 15:22:38] "GET /api/instances HTTP/1.1" 200 -
2026-07-03 15:22:39,088 [INFO] werkzeug: 127.0.0.1 - - [03/Jul/2026 15:22:39] "GET /api/inspection HTTP/1.1" 200 -
2026-07-03 15:22:40,475 [INFO] werkzeug: 127.0.0.1 - - [03/Jul/2026 15:22:40] "GET / HTTP/1.1" 200 -
2026-07-03 15:22:40,771 [INFO] werkzeug: 127.0.0.1 - - [03/Jul/2026 15:22:40] "[36mGET /static/css/style.css HTTP/1.1[0m" 304 -
2026-07-03 15:22:40,813 [INFO] werkzeug: 127.0.0.1 - - [03/Jul/2026 15:22:40] "[36mGET /static/js/dashboard.js HTTP/1.1[0m" 304 -
2026-07-03 15:22:41,132 [INFO] werkzeug: 127.0.0.1 - - [03/Jul/2026 15:22:41] "GET /api/dashboard HTTP/1.1" 200 -
2026-07-03 15:22:46,009 [INFO] werkzeug: 127.0.0.1 - - [03/Jul/2026 15:22:46] "GET /performance HTTP/1.1" 200 -
2026-07-03 15:22:46,312 [INFO] werkzeug: 127.0.0.1 - - [03/Jul/2026 15:22:46] "[36mGET /static/css/style.css HTTP/1.1[0m" 304 -
2026-07-03 15:22:46,358 [INFO] werkzeug: 127.0.0.1 - - [03/Jul/2026 15:22:46] "[36mGET /static/js/dashboard.js HTTP/1.1[0m" 304 -
2026-07-03 15:22:46,672 [INFO] werkzeug: 127.0.0.1 - - [03/Jul/2026 15:22:46] "GET /api/instances HTTP/1.1" 200 -
2026-07-03 15:22:52,686 [INFO] werkzeug: 127.0.0.1 - - [03/Jul/2026 15:22:52] "GET /api/inspection?instance=天门&category=slow_query HTTP/1.1" 200 -
2026-07-03 15:22:55,554 [INFO] werkzeug: 127.0.0.1 - - [03/Jul/2026 15:22:55] "GET /api/inspection?instance=天门&category=slow_query HTTP/1.1" 200 -
2026-07-03 15:23:05,388 [INFO] werkzeug: 127.0.0.1 - - [03/Jul/2026 15:23:05] "GET /api/inspection?instance=成都&category=slow_query HTTP/1.1" 200 -
2026-07-03 15:28:16,479 [INFO] __main__: SQLite 数据库已初始化
2026-07-03 15:28:16,495 [INFO] core.mssql: 已加载 2 个 SQL Server 实例
2026-07-03 15:28:16,501 [INFO] services.inspection: 注册采集器: disk
2026-07-03 15:28:16,501 [INFO] services.inspection: 注册采集器: memory
2026-07-03 15:28:16,501 [INFO] services.inspection: 注册采集器: jobs
2026-07-03 15:28:16,501 [INFO] services.inspection: 注册采集器: backups
2026-07-03 15:28:16,501 [INFO] services.inspection: 注册采集器: db_integrity
2026-07-03 15:28:16,502 [INFO] services.inspection: 注册采集器: blocking
2026-07-03 15:28:16,502 [INFO] services.inspection: 注册采集器: slow_query
2026-07-03 15:28:16,502 [INFO] services.inspection: 注册采集器: index_frag
2026-07-03 15:28:16,502 [INFO] services.inspection: 注册采集器: error_log
2026-07-03 15:28:16,502 [INFO] services.inspection: 注册采集器: wait_stats
2026-07-03 15:28:16,502 [INFO] services.inspection: 注册采集器: deadlock
2026-07-03 15:28:16,503 [INFO] __main__: 所有采集器已注册
2026-07-03 15:28:16,506 [INFO] __main__: DBA 自动运维平台启动中...
2026-07-03 15:28:16,530 [INFO] werkzeug: [31m[1mWARNING: This is a development server. Do not use it in a production deployment. Use a production WSGI server instead.[0m
 * Running on all addresses (0.0.0.0)
 * Running on http://127.0.0.1:5000
 * Running on http://10.20.23.146:5000
2026-07-03 15:28:16,530 [INFO] werkzeug: [33mPress CTRL+C to quit[0m
2026-07-03 15:28:16,531 [INFO] werkzeug:  * Restarting with stat
2026-07-03 15:28:17,042 [INFO] __main__: SQLite 数据库已初始化
2026-07-03 15:28:17,057 [INFO] core.mssql: 已加载 2 个 SQL Server 实例
2026-07-03 15:28:17,062 [INFO] services.inspection: 注册采集器: disk
2026-07-03 15:28:17,062 [INFO] services.inspection: 注册采集器: memory
2026-07-03 15:28:17,062 [INFO] services.inspection: 注册采集器: jobs
2026-07-03 15:28:17,062 [INFO] services.inspection: 注册采集器: backups
2026-07-03 15:28:17,062 [INFO] services.inspection: 注册采集器: db_integrity
2026-07-03 15:28:17,063 [INFO] services.inspection: 注册采集器: blocking
2026-07-03 15:28:17,063 [INFO] services.inspection: 注册采集器: slow_query
2026-07-03 15:28:17,063 [INFO] services.inspection: 注册采集器: index_frag
2026-07-03 15:28:17,063 [INFO] services.inspection: 注册采集器: error_log
2026-07-03 15:28:17,063 [INFO] services.inspection: 注册采集器: wait_stats
2026-07-03 15:28:17,063 [INFO] services.inspection: 注册采集器: deadlock
2026-07-03 15:28:17,063 [INFO] __main__: 所有采集器已注册
2026-07-03 15:28:17,066 [INFO] __main__: DBA 自动运维平台启动中...
2026-07-03 15:28:17,076 [WARNING] werkzeug:  * Debugger is active!
2026-07-03 15:28:17,080 [INFO] werkzeug:  * Debugger PIN: 197-836-894
2026-07-03 15:28:24,490 [INFO] werkzeug: 127.0.0.1 - - [03/Jul/2026 15:28:24] "GET /performance HTTP/1.1" 200 -
2026-07-03 15:28:32,648 [INFO] werkzeug: 127.0.0.1 - - [03/Jul/2026 15:28:32] "GET /performance HTTP/1.1" 200 -
2026-07-03 15:28:32,707 [INFO] werkzeug: 127.0.0.1 - - [03/Jul/2026 15:28:32] "[36mGET /static/css/style.css HTTP/1.1[0m" 304 -
2026-07-03 15:28:32,894 [INFO] werkzeug: 127.0.0.1 - - [03/Jul/2026 15:28:32] "[36mGET /static/js/dashboard.js HTTP/1.1[0m" 304 -
2026-07-03 15:28:33,203 [INFO] werkzeug: 127.0.0.1 - - [03/Jul/2026 15:28:33] "GET /api/instances HTTP/1.1" 200 -
2026-07-03 15:28:37,976 [INFO] werkzeug: 127.0.0.1 - - [03/Jul/2026 15:28:37] "GET /api/inspection?instance=成都&category=wait_stats HTTP/1.1" 200 -
2026-07-03 15:28:38,272 [INFO] werkzeug: 127.0.0.1 - - [03/Jul/2026 15:28:38] "GET /api/inspection?instance=成都&category=slow_query HTTP/1.1" 200 -
2026-07-03 15:28:38,275 [INFO] werkzeug: 127.0.0.1 - - [03/Jul/2026 15:28:38] "GET /api/inspection?instance=成都&category=index_frag HTTP/1.1" 200 -
2026-07-03 15:28:49,226 [INFO] werkzeug: 127.0.0.1 - - [03/Jul/2026 15:28:49] "[35m[1mGET /report HTTP/1.1[0m" 500 -
2026-07-03 15:28:49,304 [INFO] werkzeug: 127.0.0.1 - - [03/Jul/2026 15:28:49] "[36mGET /report?__debugger__=yes&cmd=resource&f=style.css HTTP/1.1[0m" 304 -
2026-07-03 15:28:49,461 [INFO] werkzeug: 127.0.0.1 - - [03/Jul/2026 15:28:49] "[36mGET /report?__debugger__=yes&cmd=resource&f=debugger.js HTTP/1.1[0m" 304 -
2026-07-03 15:28:49,569 [INFO] werkzeug: 127.0.0.1 - - [03/Jul/2026 15:28:49] "GET /report?__debugger__=yes&cmd=resource&f=console.png&s=fVT5eVxtif1reR3clEOd HTTP/1.1" 200 -
2026-07-03 15:28:56,554 [INFO] werkzeug: 127.0.0.1 - - [03/Jul/2026 15:28:56] "GET / HTTP/1.1" 200 -
2026-07-03 15:28:56,857 [INFO] werkzeug: 127.0.0.1 - - [03/Jul/2026 15:28:56] "[36mGET /static/css/style.css HTTP/1.1[0m" 304 -
2026-07-03 15:28:56,902 [INFO] werkzeug: 127.0.0.1 - - [03/Jul/2026 15:28:56] "[36mGET /static/js/dashboard.js HTTP/1.1[0m" 304 -
2026-07-03 15:28:57,216 [INFO] werkzeug: 127.0.0.1 - - [03/Jul/2026 15:28:57] "GET /api/dashboard HTTP/1.1" 200 -
2026-07-03 15:29:06,839 [INFO] werkzeug: 127.0.0.1 - - [03/Jul/2026 15:29:06] "[31m[1mPOST /api/inspection/run HTTP/1.1[0m" 415 -
2026-07-03 15:29:20,328 [INFO] werkzeug: 127.0.0.1 - - [03/Jul/2026 15:29:20] "GET /api/dashboard HTTP/1.1" 200 -
2026-07-03 15:30:00,304 [INFO] werkzeug: 127.0.0.1 - - [03/Jul/2026 15:30:00] "[35m[1mGET /report HTTP/1.1[0m" 500 -
2026-07-03 15:30:00,371 [INFO] werkzeug: 127.0.0.1 - - [03/Jul/2026 15:30:00] "[36mGET /report?__debugger__=yes&cmd=resource&f=style.css HTTP/1.1[0m" 304 -
2026-07-03 15:30:00,558 [INFO] werkzeug: 127.0.0.1 - - [03/Jul/2026 15:30:00] "[36mGET /report?__debugger__=yes&cmd=resource&f=debugger.js HTTP/1.1[0m" 304 -
2026-07-03 15:30:00,650 [INFO] werkzeug: 127.0.0.1 - - [03/Jul/2026 15:30:00] "[36mGET /report?__debugger__=yes&cmd=resource&f=console.png&s=fVT5eVxtif1reR3clEOd HTTP/1.1[0m" 304 -
2026-07-03 15:32:27,778 [INFO] werkzeug: 127.0.0.1 - - [03/Jul/2026 15:32:27] "GET /inspection HTTP/1.1" 200 -
2026-07-03 15:32:27,814 [INFO] werkzeug: 127.0.0.1 - - [03/Jul/2026 15:32:27] "[36mGET /static/css/style.css HTTP/1.1[0m" 304 -
2026-07-03 15:32:28,132 [INFO] werkzeug: 127.0.0.1 - - [03/Jul/2026 15:32:28] "[36mGET /static/js/dashboard.js HTTP/1.1[0m" 304 -
2026-07-03 15:32:28,459 [INFO] werkzeug: 127.0.0.1 - - [03/Jul/2026 15:32:28] "GET /api/instances HTTP/1.1" 200 -
2026-07-03 15:32:28,463 [INFO] werkzeug: 127.0.0.1 - - [03/Jul/2026 15:32:28] "GET /api/inspection HTTP/1.1" 200 -
2026-07-03 15:33:39,564 [INFO] werkzeug: 127.0.0.1 - - [03/Jul/2026 15:33:39] "GET / HTTP/1.1" 200 -
2026-07-03 15:33:39,704 [INFO] werkzeug: 127.0.0.1 - - [03/Jul/2026 15:33:39] "[36mGET /static/css/style.css HTTP/1.1[0m" 304 -
2026-07-03 15:33:39,828 [INFO] werkzeug: 127.0.0.1 - - [03/Jul/2026 15:33:39] "[36mGET /static/js/dashboard.js HTTP/1.1[0m" 304 -
2026-07-03 15:33:39,924 [INFO] werkzeug: 127.0.0.1 - - [03/Jul/2026 15:33:39] "GET /api/dashboard HTTP/1.1" 200 -
2026-07-03 15:34:17,091 [INFO] werkzeug: 127.0.0.1 - - [03/Jul/2026 15:34:17] "[31m[1mPOST /api/inspection/run HTTP/1.1[0m" 415 -
2026-07-13 15:56:22,009 [INFO] __main__: SQLite 数据库已初始化
2026-07-13 15:56:22,033 [INFO] core.mssql: 已加载 15 个 SQL Server 实例
2026-07-13 15:56:22,041 [INFO] services.inspection: 注册采集器: disk
2026-07-13 15:56:22,041 [INFO] services.inspection: 注册采集器: memory
2026-07-13 15:56:22,042 [INFO] services.inspection: 注册采集器: jobs
2026-07-13 15:56:22,042 [INFO] services.inspection: 注册采集器: backups
2026-07-13 15:56:22,042 [INFO] services.inspection: 注册采集器: db_integrity
2026-07-13 15:56:22,042 [INFO] services.inspection: 注册采集器: blocking
2026-07-13 15:56:22,042 [INFO] services.inspection: 注册采集器: slow_query
2026-07-13 15:56:22,042 [INFO] services.inspection: 注册采集器: index_frag
2026-07-13 15:56:22,042 [INFO] services.inspection: 注册采集器: error_log
2026-07-13 15:56:22,042 [INFO] services.inspection: 注册采集器: wait_stats
2026-07-13 15:56:22,042 [INFO] services.inspection: 注册采集器: deadlock
2026-07-13 15:56:22,042 [INFO] __main__: 所有采集器已注册
2026-07-13 15:56:22,048 [INFO] __main__: DBA 自动运维平台启动中...
2026-07-13 15:56:22,080 [INFO] werkzeug: [31m[1mWARNING: This is a development server. Do not use it in a production deployment. Use a production WSGI server instead.[0m
 * Running on all addresses (0.0.0.0)
 * Running on http://127.0.0.1:5000
 * Running on http://10.20.23.146:5000
2026-07-13 15:56:22,080 [INFO] werkzeug: [33mPress CTRL+C to quit[0m
2026-07-13 15:56:22,081 [INFO] werkzeug:  * Restarting with stat
2026-07-13 15:56:22,697 [INFO] __main__: SQLite 数据库已初始化
2026-07-13 15:56:22,716 [INFO] core.mssql: 已加载 15 个 SQL Server 实例
2026-07-13 15:56:22,723 [INFO] services.inspection: 注册采集器: disk
2026-07-13 15:56:22,723 [INFO] services.inspection: 注册采集器: memory
2026-07-13 15:56:22,723 [INFO] services.inspection: 注册采集器: jobs
2026-07-13 15:56:22,723 [INFO] services.inspection: 注册采集器: backups
2026-07-13 15:56:22,723 [INFO] services.inspection: 注册采集器: db_integrity
2026-07-13 15:56:22,723 [INFO] services.inspection: 注册采集器: blocking
2026-07-13 15:56:22,723 [INFO] services.inspection: 注册采集器: slow_query
2026-07-13 15:56:22,723 [INFO] services.inspection: 注册采集器: index_frag
2026-07-13 15:56:22,723 [INFO] services.inspection: 注册采集器: error_log
2026-07-13 15:56:22,723 [INFO] services.inspection: 注册采集器: wait_stats
2026-07-13 15:56:22,723 [INFO] services.inspection: 注册采集器: deadlock
2026-07-13 15:56:22,723 [INFO] __main__: 所有采集器已注册
2026-07-13 15:56:22,727 [INFO] __main__: DBA 自动运维平台启动中...
2026-07-13 15:56:22,737 [WARNING] werkzeug:  * Debugger is active!
2026-07-13 15:56:22,744 [INFO] werkzeug:  * Debugger PIN: 197-836-894
2026-07-13 15:56:29,660 [INFO] services.inspection: 开始巡检: 成都
2026-07-13 15:56:33,702 [INFO] services.inspection: 开始巡检: 天门
2026-07-13 15:56:35,490 [ERROR] collectors.base: [error_log] 天门 采集失败: ('42000', "[42000] [Microsoft][ODBC Driver 17 for SQL Server][SQL Server]拒绝了对对象 'xp_readerrorlog' (数据库 'mssqlsystemresource'，架构 'sys')的 EXECUTE 权限。 (229) (SQLExecDirectW)")
2026-07-13 15:56:46,160 [INFO] services.inspection: 开始巡检: 东莞沃特佳100
2026-07-13 15:56:50,217 [INFO] werkzeug: 127.0.0.1 - - [13/Jul/2026 15:56:50] "GET /api/instances HTTP/1.1" 200 -
2026-07-13 15:57:18,496 [INFO] services.inspection: 开始巡检: 成都
2026-07-13 15:57:20,978 [INFO] services.inspection: 开始巡检: 天门
2026-07-13 15:57:21,849 [ERROR] collectors.base: [error_log] 天门 采集失败: ('42000', "[42000] [Microsoft][ODBC Driver 17 for SQL Server][SQL Server]拒绝了对对象 'xp_readerrorlog' (数据库 'mssqlsystemresource'，架构 'sys')的 EXECUTE 权限。 (229) (SQLExecDirectW)")
2026-07-13 15:57:22,072 [INFO] services.inspection: 开始巡检: 东莞沃特佳100
2026-07-13 15:57:30,214 [INFO] services.inspection: 开始巡检: 成都
2026-07-13 15:57:32,173 [INFO] services.inspection: 开始巡检: 天门
2026-07-13 15:57:33,126 [ERROR] collectors.base: [error_log] 天门 采集失败: ('42000', "[42000] [Microsoft][ODBC Driver 17 for SQL Server][SQL Server]拒绝了对对象 'xp_readerrorlog' (数据库 'mssqlsystemresource'，架构 'sys')的 EXECUTE 权限。 (229) (SQLExecDirectW)")
2026-07-13 15:57:33,352 [INFO] services.inspection: 开始巡检: 东莞沃特佳100
2026-07-13 15:57:46,916 [INFO] werkzeug: 127.0.0.1 - - [13/Jul/2026 15:57:46] "GET /instance/东莞沃特佳100 HTTP/1.1" 200 -
2026-07-13 15:57:47,000 [INFO] werkzeug: 127.0.0.1 - - [13/Jul/2026 15:57:47] "GET /static/css/style.css HTTP/1.1" 200 -
2026-07-13 15:57:47,174 [INFO] werkzeug: 127.0.0.1 - - [13/Jul/2026 15:57:47] "GET /static/js/dashboard.js HTTP/1.1" 200 -
2026-07-13 15:57:47,501 [INFO] werkzeug: 127.0.0.1 - - [13/Jul/2026 15:57:47] "GET /api/instance/东莞沃特佳100 HTTP/1.1" 200 -
2026-07-13 15:57:47,714 [ERROR] collectors.base: [slow_query] 东莞沃特佳100 采集失败: ('HYT00', '[HYT00] [Microsoft][ODBC Driver 17 for SQL Server]查询超时已过期 (0) (SQLExecDirectW)')
2026-07-13 15:57:56,707 [INFO] werkzeug: 127.0.0.1 - - [13/Jul/2026 15:57:56] "[35m[1mGET /favicon.ico HTTP/1.1[0m" 204 -
2026-07-13 15:57:57,007 [INFO] werkzeug: 127.0.0.1 - - [13/Jul/2026 15:57:57] "GET / HTTP/1.1" 200 -
2026-07-13 15:58:22,878 [INFO] werkzeug: 127.0.0.1 - - [13/Jul/2026 15:58:22] "GET / HTTP/1.1" 200 -
2026-07-13 15:58:22,918 [ERROR] collectors.base: [slow_query] 东莞沃特佳100 采集失败: ('HYT00', '[HYT00] [Microsoft][ODBC Driver 17 for SQL Server]查询超时已过期 (0) (SQLExecDirectW)')
2026-07-13 15:58:23,189 [INFO] werkzeug: 127.0.0.1 - - [13/Jul/2026 15:58:23] "[36mGET /static/css/style.css HTTP/1.1[0m" 304 -
2026-07-13 15:58:23,249 [INFO] werkzeug: 127.0.0.1 - - [13/Jul/2026 15:58:23] "[36mGET /static/js/dashboard.js HTTP/1.1[0m" 304 -
2026-07-13 15:58:23,593 [INFO] werkzeug: 127.0.0.1 - - [13/Jul/2026 15:58:23] "GET /api/dashboard HTTP/1.1" 200 -
2026-07-13 15:58:25,195 [INFO] services.inspection: 开始巡检: 成都
2026-07-13 15:58:27,620 [INFO] services.inspection: 开始巡检: 天门
2026-07-13 15:58:28,381 [ERROR] collectors.base: [error_log] 天门 采集失败: ('42000', "[42000] [Microsoft][ODBC Driver 17 for SQL Server][SQL Server]拒绝了对对象 'xp_readerrorlog' (数据库 'mssqlsystemresource'，架构 'sys')的 EXECUTE 权限。 (229) (SQLExecDirectW)")
2026-07-13 15:58:28,582 [INFO] services.inspection: 开始巡检: 东莞沃特佳100
2026-07-13 15:58:34,198 [ERROR] collectors.base: [slow_query] 东莞沃特佳100 采集失败: ('HYT00', '[HYT00] [Microsoft][ODBC Driver 17 for SQL Server]查询超时已过期 (0) (SQLExecDirectW)')
2026-07-13 15:59:18,492 [INFO] services.inspection: 开始巡检: 东莞沃特佳101
2026-07-13 15:59:18,500 [INFO] services.inspection: 开始巡检: 东莞沃特佳101
2026-07-13 15:59:18,520 [INFO] services.inspection: 开始巡检: 东莞沃特佳101
2026-07-13 15:59:29,336 [ERROR] collectors.base: [slow_query] 东莞沃特佳100 采集失败: ('HYT00', '[HYT00] [Microsoft][ODBC Driver 17 for SQL Server]查询超时已过期 (0) (SQLExecDirectW)')
2026-07-13 15:59:35,940 [INFO] services.inspection: 开始巡检: 东莞沃特佳101
2026-07-13 15:59:53,176 [INFO] services.inspection: 开始巡检: 东莞MGEA测试
2026-07-13 15:59:53,195 [INFO] services.inspection: 开始巡检: 东莞MGEA测试
2026-07-13 15:59:53,214 [INFO] services.inspection: 开始巡检: 东莞MGEA测试
2026-07-13 15:59:53,246 [INFO] services.inspection: 开始巡检: 东莞MGEA测试
2026-07-13 15:59:58,104 [INFO] services.inspection: 开始巡检: 东莞MGEA生产
2026-07-13 15:59:58,109 [ERROR] services.inspection: 更新实例状态失败: (sqlite3.IntegrityError) UNIQUE constraint failed: instance_status.instance_name
[SQL: INSERT INTO instance_status (instance_name, is_connected, last_connect_time, last_inspection_time, error_message) VALUES (?, ?, ?, ?, ?)]
[parameters: ('东莞MGEA测试', 1, None, '2026-07-13 15:59:58.061718', None)]
(Background on this error at: https://sqlalche.me/e/20/gkpj)
2026-07-13 15:59:58,112 [INFO] services.inspection: 开始巡检: 东莞MGEA生产
2026-07-13 15:59:58,145 [INFO] services.inspection: 开始巡检: 东莞MGEA生产
2026-07-13 15:59:58,160 [INFO] services.inspection: 开始巡检: 东莞MGEA生产
2026-07-13 16:00:03,195 [INFO] services.inspection: 开始巡检: 10.0.8.130
2026-07-13 16:00:03,211 [INFO] services.inspection: 开始巡检: 10.0.8.130
2026-07-13 16:00:03,226 [INFO] services.inspection: 开始巡检: 10.0.8.130
2026-07-13 16:00:04,168 [INFO] services.inspection: 开始巡检: 10.0.8.130
2026-07-13 16:01:12,932 [ERROR] collectors.base: [wait_stats] 10.0.8.130 采集失败: ('22003', '[22003] [Microsoft][ODBC Driver 17 for SQL Server][SQL Server]将 numeric 转换为数据类型 numeric 时出现算术溢出错误。 (8115) (SQLFetch)')
2026-07-13 16:01:12,951 [ERROR] collectors.base: [wait_stats] 10.0.8.130 采集失败: ('22003', '[22003] [Microsoft][ODBC Driver 17 for SQL Server][SQL Server]将 numeric 转换为数据类型 numeric 时出现算术溢出错误。 (8115) (SQLFetch)')
2026-07-13 16:01:14,061 [INFO] services.inspection: 开始巡检: 10.0.8.133
2026-07-13 16:01:14,079 [INFO] services.inspection: 开始巡检: 10.0.8.133
2026-07-13 16:01:14,326 [ERROR] collectors.base: [wait_stats] 10.0.8.130 采集失败: ('22003', '[22003] [Microsoft][ODBC Driver 17 for SQL Server][SQL Server]将 numeric 转换为数据类型 numeric 时出现算术溢出错误。 (8115) (SQLFetch)')
2026-07-13 16:01:15,182 [ERROR] collectors.base: [wait_stats] 10.0.8.130 采集失败: ('22003', '[22003] [Microsoft][ODBC Driver 17 for SQL Server][SQL Server]将 numeric 转换为数据类型 numeric 时出现算术溢出错误。 (8115) (SQLFetch)')
2026-07-13 16:01:15,744 [INFO] services.inspection: 开始巡检: 10.0.8.133
2026-07-13 16:01:16,151 [INFO] services.inspection: 开始巡检: 10.0.8.133
2026-07-13 16:02:12,314 [INFO] services.inspection: 开始巡检: 10.0.8.134
2026-07-13 16:02:12,329 [INFO] services.inspection: 开始巡检: 10.0.8.134
2026-07-13 16:02:12,345 [INFO] services.inspection: 开始巡检: 10.0.8.134
2026-07-13 16:02:12,360 [INFO] services.inspection: 开始巡检: 10.0.8.134
2026-07-13 16:03:14,058 [ERROR] collectors.base: [memory] 10.0.8.134 采集失败: ('HY000', 'The driver did not supply an error!')
2026-07-13 16:03:14,059 [ERROR] collectors.base: [memory] 10.0.8.134 采集失败: ('HY000', 'The driver did not supply an error!')
2026-07-13 16:03:14,062 [ERROR] collectors.base: [memory] 10.0.8.134 采集失败: ('HY000', 'The driver did not supply an error!')
2026-07-13 16:03:14,062 [ERROR] collectors.base: [memory] 10.0.8.134 采集失败: ('HY000', 'The driver did not supply an error!')
2026-07-13 16:04:35,463 [ERROR] collectors.base: [slow_query] 10.0.8.134 采集失败: ('HYT00', '[HYT00] [Microsoft][ODBC Driver 17 for SQL Server]查询超时已过期 (0) (SQLExecDirectW)')
2026-07-13 16:04:35,463 [ERROR] collectors.base: [slow_query] 10.0.8.134 采集失败: ('HYT00', '[HYT00] [Microsoft][ODBC Driver 17 for SQL Server]查询超时已过期 (0) (SQLExecDirectW)')
2026-07-13 16:04:35,463 [ERROR] collectors.base: [slow_query] 10.0.8.134 采集失败: ('HYT00', '[HYT00] [Microsoft][ODBC Driver 17 for SQL Server]查询超时已过期 (0) (SQLExecDirectW)')
2026-07-13 16:04:35,468 [ERROR] collectors.base: [slow_query] 10.0.8.134 采集失败: ('HYT00', '[HYT00] [Microsoft][ODBC Driver 17 for SQL Server]查询超时已过期 (0) (SQLExecDirectW)')
2026-07-13 16:06:35,514 [ERROR] collectors.base: [index_frag] 10.0.8.134 采集失败: ('HYT00', '[HYT00] [Microsoft][ODBC Driver 17 for SQL Server]查询超时已过期 (0) (SQLExecDirectW)')
2026-07-13 16:06:35,514 [ERROR] collectors.base: [index_frag] 10.0.8.134 采集失败: ('HYT00', '[HYT00] [Microsoft][ODBC Driver 17 for SQL Server]查询超时已过期 (0) (SQLExecDirectW)')
2026-07-13 16:06:35,519 [ERROR] collectors.base: [index_frag] 10.0.8.134 采集失败: ('HYT00', '[HYT00] [Microsoft][ODBC Driver 17 for SQL Server]查询超时已过期 (0) (SQLExecDirectW)')
2026-07-13 16:06:35,551 [ERROR] collectors.base: [index_frag] 10.0.8.134 采集失败: ('HYT00', '[HYT00] [Microsoft][ODBC Driver 17 for SQL Server]查询超时已过期 (0) (SQLExecDirectW)')
2026-07-13 16:06:43,834 [INFO] services.inspection: 开始巡检: 10.0.8.241
2026-07-13 16:06:43,847 [INFO] services.inspection: 开始巡检: 10.0.8.241
2026-07-13 16:06:43,864 [INFO] services.inspection: 开始巡检: 10.0.8.241
2026-07-13 16:06:43,882 [INFO] services.inspection: 开始巡检: 10.0.8.241
2026-07-13 16:07:40,720 [INFO] services.inspection: 开始巡检: 10.0.8.242
2026-07-13 16:07:40,737 [INFO] services.inspection: 开始巡检: 10.0.8.242
2026-07-13 16:07:40,769 [INFO] services.inspection: 开始巡检: 10.0.8.242
2026-07-13 16:07:40,875 [INFO] services.inspection: 开始巡检: 10.0.8.242
2026-07-13 16:11:00,078 [ERROR] collectors.base: [index_frag] 10.0.8.242 采集失败: ('HY000', 'The driver did not supply an error!')
2026-07-13 16:11:00,078 [ERROR] collectors.base: [index_frag] 10.0.8.242 采集失败: ('HY000', 'The driver did not supply an error!')
2026-07-13 16:11:00,078 [ERROR] collectors.base: [index_frag] 10.0.8.242 采集失败: ('HY000', 'The driver did not supply an error!')
2026-07-13 16:11:00,078 [ERROR] collectors.base: [index_frag] 10.0.8.242 采集失败: ('HY000', 'The driver did not supply an error!')
2026-07-13 16:11:02,791 [INFO] services.inspection: 开始巡检: 10.0.8.245
2026-07-13 16:11:02,803 [INFO] services.inspection: 开始巡检: 10.0.8.245
2026-07-13 16:11:02,817 [INFO] services.inspection: 开始巡检: 10.0.8.245
2026-07-13 16:11:02,835 [INFO] services.inspection: 开始巡检: 10.0.8.245
2026-07-13 16:11:16,464 [INFO] services.inspection: 开始巡检: 10.0.11.213
2026-07-13 16:11:16,486 [INFO] services.inspection: 开始巡检: 10.0.11.213
2026-07-13 16:11:16,502 [INFO] services.inspection: 开始巡检: 10.0.11.213
2026-07-13 16:11:16,516 [INFO] services.inspection: 开始巡检: 10.0.11.213
2026-07-13 16:13:23,951 [ERROR] collectors.base: [index_frag] 10.0.11.213 采集失败: ('HYT00', '[HYT00] [Microsoft][ODBC Driver 17 for SQL Server]查询超时已过期 (0) (SQLExecDirectW)')
2026-07-13 16:13:23,952 [ERROR] collectors.base: [index_frag] 10.0.11.213 采集失败: ('HYT00', '[HYT00] [Microsoft][ODBC Driver 17 for SQL Server]查询超时已过期 (0) (SQLExecDirectW)')
2026-07-13 16:13:24,108 [ERROR] collectors.base: [index_frag] 10.0.11.213 采集失败: ('HYT00', '[HYT00] [Microsoft][ODBC Driver 17 for SQL Server]查询超时已过期 (0) (SQLExecDirectW)')
2026-07-13 16:13:24,110 [ERROR] collectors.base: [index_frag] 10.0.11.213 采集失败: ('HYT00', '[HYT00] [Microsoft][ODBC Driver 17 for SQL Server]查询超时已过期 (0) (SQLExecDirectW)')
2026-07-13 16:13:27,982 [INFO] services.inspection: 开始巡检: 10.0.8.162
2026-07-13 16:13:28,005 [INFO] services.inspection: 开始巡检: 10.0.8.162
2026-07-13 16:13:28,018 [INFO] services.inspection: 开始巡检: 10.0.8.162
2026-07-13 16:13:28,034 [INFO] services.inspection: 开始巡检: 10.0.8.162
2026-07-13 16:13:44,289 [INFO] werkzeug: 127.0.0.1 - - [13/Jul/2026 16:13:44] "GET /api/dashboard HTTP/1.1" 200 -
2026-07-13 16:14:00,110 [INFO] services.inspection: 开始巡检: 10.110.110.108
2026-07-13 16:14:00,121 [INFO] services.inspection: 开始巡检: 10.110.110.108
2026-07-13 16:14:00,140 [INFO] services.inspection: 开始巡检: 10.110.110.108
2026-07-13 16:14:00,155 [INFO] services.inspection: 开始巡检: 10.110.110.108
2026-07-13 16:14:27,510 [INFO] werkzeug: 127.0.0.1 - - [13/Jul/2026 16:14:27] "GET /instance/10.0.8.162 HTTP/1.1" 200 -
2026-07-13 16:14:27,875 [INFO] werkzeug: 127.0.0.1 - - [13/Jul/2026 16:14:27] "[36mGET /static/css/style.css HTTP/1.1[0m" 304 -
2026-07-13 16:14:27,875 [INFO] werkzeug: 127.0.0.1 - - [13/Jul/2026 16:14:27] "[36mGET /static/js/dashboard.js HTTP/1.1[0m" 304 -
2026-07-13 16:14:28,214 [INFO] werkzeug: 127.0.0.1 - - [13/Jul/2026 16:14:28] "GET /api/instance/10.0.8.162 HTTP/1.1" 200 -
2026-07-13 16:14:39,111 [INFO] werkzeug: 127.0.0.1 - - [13/Jul/2026 16:14:39] "GET / HTTP/1.1" 200 -
2026-07-13 16:14:39,462 [INFO] werkzeug: 127.0.0.1 - - [13/Jul/2026 16:14:39] "[36mGET /static/css/style.css HTTP/1.1[0m" 304 -
2026-07-13 16:14:39,464 [INFO] werkzeug: 127.0.0.1 - - [13/Jul/2026 16:14:39] "[36mGET /static/js/dashboard.js HTTP/1.1[0m" 304 -
2026-07-13 16:14:39,830 [INFO] werkzeug: 127.0.0.1 - - [13/Jul/2026 16:14:39] "GET /api/dashboard HTTP/1.1" 200 -
2026-07-13 16:14:43,816 [INFO] werkzeug: 127.0.0.1 - - [13/Jul/2026 16:14:43] "GET /instance/10.110.110.108 HTTP/1.1" 200 -
2026-07-13 16:14:44,173 [INFO] werkzeug: 127.0.0.1 - - [13/Jul/2026 16:14:44] "[36mGET /static/css/style.css HTTP/1.1[0m" 304 -
2026-07-13 16:14:44,174 [INFO] werkzeug: 127.0.0.1 - - [13/Jul/2026 16:14:44] "[36mGET /static/js/dashboard.js HTTP/1.1[0m" 304 -
2026-07-13 16:14:44,528 [INFO] werkzeug: 127.0.0.1 - - [13/Jul/2026 16:14:44] "GET /api/instance/10.110.110.108 HTTP/1.1" 200 -
2026-07-13 16:14:48,099 [INFO] werkzeug: 127.0.0.1 - - [13/Jul/2026 16:14:48] "GET /api/instances/10.110.110.108/test HTTP/1.1" 200 -
2026-07-13 16:14:51,245 [INFO] werkzeug: 127.0.0.1 - - [13/Jul/2026 16:14:51] "GET / HTTP/1.1" 200 -
2026-07-13 16:14:51,605 [INFO] werkzeug: 127.0.0.1 - - [13/Jul/2026 16:14:51] "[36mGET /static/css/style.css HTTP/1.1[0m" 304 -
2026-07-13 16:14:51,605 [INFO] werkzeug: 127.0.0.1 - - [13/Jul/2026 16:14:51] "[36mGET /static/js/dashboard.js HTTP/1.1[0m" 304 -
2026-07-13 16:14:51,958 [INFO] werkzeug: 127.0.0.1 - - [13/Jul/2026 16:14:51] "GET /api/dashboard HTTP/1.1" 200 -
2026-07-13 16:14:56,981 [INFO] werkzeug: 127.0.0.1 - - [13/Jul/2026 16:14:56] "GET /inspection HTTP/1.1" 200 -
2026-07-13 16:14:57,338 [INFO] werkzeug: 127.0.0.1 - - [13/Jul/2026 16:14:57] "[36mGET /static/js/dashboard.js HTTP/1.1[0m" 304 -
2026-07-13 16:14:57,338 [INFO] werkzeug: 127.0.0.1 - - [13/Jul/2026 16:14:57] "[36mGET /static/css/style.css HTTP/1.1[0m" 304 -
2026-07-13 16:14:57,680 [INFO] werkzeug: 127.0.0.1 - - [13/Jul/2026 16:14:57] "GET /api/instances HTTP/1.1" 200 -
2026-07-13 16:14:57,747 [INFO] werkzeug: 127.0.0.1 - - [13/Jul/2026 16:14:57] "GET /api/inspection HTTP/1.1" 200 -
2026-07-13 16:15:06,884 [INFO] werkzeug: 127.0.0.1 - - [13/Jul/2026 16:15:06] "POST /api/inspection/run HTTP/1.1" 200 -
2026-07-13 16:15:06,901 [INFO] werkzeug: 127.0.0.1 - - [13/Jul/2026 16:15:06] "POST /api/inspection/run HTTP/1.1" 200 -
2026-07-13 16:15:06,916 [INFO] werkzeug: 127.0.0.1 - - [13/Jul/2026 16:15:06] "POST /api/inspection/run HTTP/1.1" 200 -
2026-07-13 16:15:06,932 [INFO] werkzeug: 127.0.0.1 - - [13/Jul/2026 16:15:06] "POST /api/inspection/run HTTP/1.1" 200 -
2026-07-13 16:22:29,770 [INFO] werkzeug: 127.0.0.1 - - [13/Jul/2026 16:22:29] "GET /performance HTTP/1.1" 200 -
2026-07-13 16:22:29,897 [INFO] werkzeug: 127.0.0.1 - - [13/Jul/2026 16:22:29] "[36mGET /static/css/style.css HTTP/1.1[0m" 304 -
2026-07-13 16:22:30,013 [INFO] werkzeug: 127.0.0.1 - - [13/Jul/2026 16:22:30] "[36mGET /static/js/dashboard.js HTTP/1.1[0m" 304 -
2026-07-13 16:22:30,156 [INFO] werkzeug: 127.0.0.1 - - [13/Jul/2026 16:22:30] "GET /api/instances HTTP/1.1" 200 -
2026-07-13 16:22:34,387 [INFO] werkzeug: 127.0.0.1 - - [13/Jul/2026 16:22:34] "[35m[1mGET /report HTTP/1.1[0m" 500 -
2026-07-13 16:22:34,615 [INFO] werkzeug: 127.0.0.1 - - [13/Jul/2026 16:22:34] "GET /report?__debugger__=yes&cmd=resource&f=style.css HTTP/1.1" 200 -
2026-07-13 16:22:34,749 [INFO] werkzeug: 127.0.0.1 - - [13/Jul/2026 16:22:34] "GET /report?__debugger__=yes&cmd=resource&f=debugger.js HTTP/1.1" 200 -
2026-07-13 16:22:35,117 [INFO] werkzeug: 127.0.0.1 - - [13/Jul/2026 16:22:35] "GET /report?__debugger__=yes&cmd=resource&f=console.png&s=GiAR0CIVQqGxTfXoocLi HTTP/1.1" 200 -
2026-07-13 16:22:35,382 [INFO] werkzeug: 127.0.0.1 - - [13/Jul/2026 16:22:35] "GET /report?__debugger__=yes&cmd=resource&f=console.png HTTP/1.1" 200 -
2026-07-13 16:22:40,501 [INFO] werkzeug: 127.0.0.1 - - [13/Jul/2026 16:22:40] "GET / HTTP/1.1" 200 -
2026-07-13 16:22:40,804 [INFO] werkzeug: 127.0.0.1 - - [13/Jul/2026 16:22:40] "[36mGET /static/css/style.css HTTP/1.1[0m" 304 -
2026-07-13 16:22:40,882 [INFO] werkzeug: 127.0.0.1 - - [13/Jul/2026 16:22:40] "[36mGET /static/js/dashboard.js HTTP/1.1[0m" 304 -
2026-07-13 16:22:41,240 [INFO] werkzeug: 127.0.0.1 - - [13/Jul/2026 16:22:41] "GET /api/dashboard HTTP/1.1" 200 -
